Data Source;World Development Indicators;;;;;;;;;;;;;;;;;;;;;;;;;;;;;;;;;;;;;;;;;;;;;;;;;;;;;;;;;;;;;;;;;;;
Last Updated Date;7/10/2025;;;;;;;;;;;;;;;;;;;;;;;;;;;;;;;;;;;;;;;;;;;;;;;;;;;;;;;;;;;;;;;;;;;
;;;;;;;;;;;;;;;;;;;;;;;;;;;;;;;;;;;;;;;;;;;;;;;;;;;;;;;;;;;;;;;;;;;;
Country Name;Country Code;Indicator Name;Indicator Code;1960;1961;1962;1963;1964;1965;1966;1967;1968;1969;1970;1971;1972;1973;1974;1975;1976;1977;1978;1979;1980;1981;1982;1983;1984;1985;1986;1987;1988;1989;1990;1991;1992;1993;1994;1995;1996;1997;1998;1999;2000;2001;2002;2003;2004;2005;2006;2007;2008;2009;2010;2011;2012;2013;2014;2015;2016;2017;2018;2019;2020;2021;2022;2023;2024
Aruba;ABW;People using safely managed sanitation services, urban (% of urban population);SH.STA.SMSS.UR.ZS;;;;;;;;;;;;;;;;;;;;;;;;;;;;;;;;;;;;;;;;;;;;;;;;;;;;;;;;;;;;;;;;;
Africa Eastern and Southern;AFE;People using safely managed sanitation services, urban (% of urban population);SH.STA.SMSS.UR.ZS;;;;;;;;;;;;;;;;;;;;;;;;;;;;;;;;;;;;;;;;;32,17712905;32,21136817;32,27198582;32,34419113;32,42508871;32,50914349;32,6300799;32,7420346;32,85033279;32,87209538;32,88827387;33,0558597;33,22390318;33,40046496;33,56434891;33,74753648;33,81094949;33,83328358;33,89168594;33,91088756;33,97861184;33,93712722;33,8532532;;
Afghanistan;AFG;People using safely managed sanitation services, urban (% of urban population);SH.STA.SMSS.UR.ZS;;;;;;;;;;;;;;;;;;;;;;;;;;;;;;;;;;;;;;;;;;;;;;;;;;;;;;;;;;;;;;;;;
Africa Western and Central;AFW;People using safely managed sanitation services, urban (% of urban population);SH.STA.SMSS.UR.ZS;;;;;;;;;;;;;;;;;;;;;;;;;;;;;;;;;;;;;;;;;15,31834397;15,44959439;15,97889779;16,50748038;17,04555411;17,5833007;18,12762867;18,68090074;19,24322784;19,81474839;20,36878468;20,93482831;21,50824156;22,08660722;22,66504176;23,2446464;23,83123701;24,42173656;25,01366115;25,6071162;26,20262297;26,82899261;27,44166817;;
Angola;AGO;People using safely managed sanitation services, urban (% of urban population);SH.STA.SMSS.UR.ZS;;;;;;;;;;;;;;;;;;;;;;;;;;;;;;;;;;;;;;;;;;;;;;;;;;;;;;;;;;;;;;;;;
Albania;ALB;People using safely managed sanitation services, urban (% of urban population);SH.STA.SMSS.UR.ZS;;;;;;;;;;;;;;;;;;;;;;;;;;;;;;;;;;;;;;;;;24,91766054;24,981075;25,04448945;25,1079039;25,17131835;25,41363093;25,73731158;26,06158005;26,38643635;26,71188048;27,03791243;27,36453221;27,69173981;29,75528922;31,85502516;33,99030755;36,16049346;38,36493709;40,60298977;42,87399996;45,17731328;47,3993406;49,64605619;;
Andorra;AND;People using safely managed sanitation services, urban (% of urban population);SH.STA.SMSS.UR.ZS;;;;;;;;;;;;;;;;;;;;;;;;;;;;;;;;;;;;;;;;;29,3102224;33,90393094;38,49763948;43,09134803;47,68505657;52,27876512;56,87247366;61,46618221;66,05989075;70,6535993;75,24730784;79,84101639;84,43472493;89,02843348;93,62214202;98,21585057;100;100;100;100;100;100;100;;
Arab World;ARB;People using safely managed sanitation services, urban (% of urban population);SH.STA.SMSS.UR.ZS;;;;;;;;;;;;;;;;;;;;;;;;;;;;;;;;;;;;;;;;;58,87653072;59,07348435;59,29369445;59,50470599;59,84106177;60,2005656;60,71744622;61,41625277;61,89013333;62,23788166;62,42950405;62,78444379;63,07711422;63,51482999;63,97298298;64,58664513;65,11311976;65,52020255;65,85946698;66,21004775;66,60619178;66,58162598;66,79261263;;
United Arab Emirates;ARE;People using safely managed sanitation services, urban (% of urban population);SH.STA.SMSS.UR.ZS;;;;;;;;;;;;;;;;;;;;;;;;;;;;;;;;;;;;;;;;;98,42777207;98,42777207;98,42777207;98,42777207;98,42777207;98,42777207;98,42777207;98,42777207;98,42777207;98,42777207;98,42777207;98,43033628;98,43290049;98,43546471;98,43802892;98,44059314;98,44315735;98,44572156;98,44828578;98,45084999;98,45341421;98,45526457;98,45526457;;
Argentina;ARG;People using safely managed sanitation services, urban (% of urban population);SH.STA.SMSS.UR.ZS;;;;;;;;;;;;;;;;;;;;;;;;;;;;;;;;;;;;;;;;;44,38012097;44,48551602;44,59103593;44,69668071;44,80245034;44,90834484;45,0143642;45,12050842;45,2267775;45,33317144;45,43969024;45,54633391;45,65310243;45,75999582;45,86701407;45,97415718;46,08142515;46,18881798;46,29633567;46,25992798;46,18843338;46,40907605;46,21124412;;
Armenia;ARM;People using safely managed sanitation services, urban (% of urban population);SH.STA.SMSS.UR.ZS;;;;;;;;;;;;;;;;;;;;;;;;;;;;;;;;;;;;;;;;;6,588824352;6,247306262;5,903325406;5,556881784;5,201587637;4,843787925;4,483482651;4,120671813;3,755355411;3,387533446;3,017205917;2,644372825;2,26903417;1,891189951;1,510840168;1,127984822;0,741595536;0,353128933;0,059991733;0;0;0;0;;
American Samoa;ASM;People using safely managed sanitation services, urban (% of urban population);SH.STA.SMSS.UR.ZS;;;;;;;;;;;;;;;;;;;;;;;;;;;;;;;;;;;;;;;;;;;;;;;;;;;;;;;;;;;;;;;;;
Antigua and Barbuda;ATG;People using safely managed sanitation services, urban (% of urban population);SH.STA.SMSS.UR.ZS;;;;;;;;;;;;;;;;;;;;;;;;;;;;;;;;;;;;;;;;;;;;;;;;;;;;;;;;;;;;;;;;;
Australia;AUS;People using safely managed sanitation services, urban (% of urban population);SH.STA.SMSS.UR.ZS;;;;;;;;;;;;;;;;;;;;;;;;;;;;;;;;;;;;;;;;;;;;;;;;;;;;;;;;;;;;;;;;;
Austria;AUT;People using safely managed sanitation services, urban (% of urban population);SH.STA.SMSS.UR.ZS;;;;;;;;;;;;;;;;;;;;;;;;;;;;;;;;;;;;;;;;;100;100;100;99,99726884;99,99413307;99,9909973;99,98786152;99,98472575;99,98158997;99,9784542;99,97531843;99,97218265;99,96904688;99,96591111;99,96277533;99,95963956;99,95650379;99,95336801;99,95336801;99,95336801;99,95336801;99,95336801;99,95336801;;
Azerbaijan;AZE;People using safely managed sanitation services, urban (% of urban population);SH.STA.SMSS.UR.ZS;;;;;;;;;;;;;;;;;;;;;;;;;;;;;;;;;;;;;;;;;34,63176777;35,50902006;36,38627234;38,11380534;39,84775321;41,32316136;42,67408229;44,07945503;45,55250787;47,09521395;48,70956161;50,39755445;52,16121131;54,00256627;55,30588625;56,46420394;57,10349034;57,79309351;58,53335455;59,32461457;60,16721467;61,57074224;62,98075113;;
Burundi;BDI;People using safely managed sanitation services, urban (% of urban population);SH.STA.SMSS.UR.ZS;;;;;;;;;;;;;;;;;;;;;;;;;;;;;;;;;;;;;;;;;;;;;;;;;;;;;;;;;;;;;;;;;
Belgium;BEL;People using safely managed sanitation services, urban (% of urban population);SH.STA.SMSS.UR.ZS;;;;;;;;;;;;;;;;;;;;;;;;;;;;;;;;;;;;;;;;;;;;;;;;;;;;;;;;;;;;;;;;;
Benin;BEN;People using safely managed sanitation services, urban (% of urban population);SH.STA.SMSS.UR.ZS;;;;;;;;;;;;;;;;;;;;;;;;;;;;;;;;;;;;;;;;;2,202934176;2,269219214;2,336468537;2,404682144;2,473860036;2,544002212;2,615108674;2,68717942;2,76021445;2,834213766;2,903146774;2,972868957;3,043380314;3,114680845;3,186770549;3,259649428;3,33331748;3,407774706;3,483021107;3,559056681;3,635881429;3,635881429;3,635881429;;
Burkina Faso;BFA;People using safely managed sanitation services, urban (% of urban population);SH.STA.SMSS.UR.ZS;;;;;;;;;;;;;;;;;;;;;;;;;;;;;;;;;;;;;;;;;14,11851001;14,11851001;14,02087781;13,92181777;13,82132987;13,71941412;13,61607051;13,51129906;13,40509975;13,29747259;13,18841758;13,07793472;12,96602401;12,85268544;12,73791903;12,62172476;12,50410264;12,38505267;12,26457485;12,14266917;12,01933564;12,06879222;12,11824879;;
Bangladesh;BGD;People using safely managed sanitation services, urban (% of urban population);SH.STA.SMSS.UR.ZS;;;;;;;;;;;;;;;;;;;;;;;;;;;;;;;;;;;;;;;;;22,9793157;23,43825977;23,89720384;24,35614791;24,81509198;25,05837404;25,29769993;25,53306966;25,76448322;25,99194061;26,21544183;26,43498689;26,65057578;26,8622085;27,06988506;27,27360544;27,47336967;27,66917772;27,86102961;28,04892532;28,23286488;28,41284826;28,75507899;;
Bulgaria;BGR;People using safely managed sanitation services, urban (% of urban population);SH.STA.SMSS.UR.ZS;;;;;;;;;;;;;;;;;;;;;;;;;;;;;;;;;;;;;;;;;56,28507224;57,06062433;57,84840465;58,648464;59,46085315;60,28562292;61,12282407;61,9725074;62,8347237;63,70952376;64,59695836;65,49707829;66,40993435;67,33557732;68,40957978;69,56486808;70,73347085;71,91543891;72,96084099;74,00963563;75,06182283;76,11740258;77,17637488;;
Bahrain;BHR;People using safely managed sanitation services, urban (% of urban population);SH.STA.SMSS.UR.ZS;;;;;;;;;;;;;;;;;;;;;;;;;;;;;;;;;;;;;;;;;;;;;;;;;;;;;;;;;;;;;;;;;
Bahamas, The;BHS;People using safely managed sanitation services, urban (% of urban population);SH.STA.SMSS.UR.ZS;;;;;;;;;;;;;;;;;;;;;;;;;;;;;;;;;;;;;;;;;;;;;;;;;;;;;;;;;;;;;;;;;
Bosnia and Herzegovina;BIH;People using safely managed sanitation services, urban (% of urban population);SH.STA.SMSS.UR.ZS;;;;;;;;;;;;;;;;;;;;;;;;;;;;;;;;;;;;;;;;;6,451039657;6,258206813;6,065373968;5,872541124;5,67970828;5,485950161;5,292257079;5,098629033;4,905066024;4,711568051;7,962101114;11,59004321;15,3806503;19,42092119;23,69226968;28,1835449;32,83855658;37,65730471;42,63978929;47,78601032;53,0959678;58,10095174;58,10095174;;
Belarus;BLR;People using safely managed sanitation services, urban (% of urban population);SH.STA.SMSS.UR.ZS;;;;;;;;;;;;;;;;;;;;;;;;;;;;;;;;;;;;;;;;;89,47269502;89,47269502;89,47269502;89,47269502;88,88147619;88,27753784;87,6608991;87,03157914;86,38959711;85,73497218;85,0677235;84,38787024;83,69543154;82,99042658;82,27287449;81,54279446;80,80020562;81,10163087;81,40131359;81,69925379;81,64155715;81,48454236;81,49719209;;
Belize;BLZ;People using safely managed sanitation services, urban (% of urban population);SH.STA.SMSS.UR.ZS;;;;;;;;;;;;;;;;;;;;;;;;;;;;;;;;;;;;;;;;;;;;;;;;;;;;;;;;;;;;;;;;;
Bermuda;BMU;People using safely managed sanitation services, urban (% of urban population);SH.STA.SMSS.UR.ZS;;;;;;;;;;;;;;;;;;;;;;;;;;;;;;;;;;;;;;;;;;;;;;;;;;;;;;;;;;;;;;;;;
Bolivia;BOL;People using safely managed sanitation services, urban (% of urban population);SH.STA.SMSS.UR.ZS;;;;;;;;;;;;;;;;;;;;;;;;;;;;;;;;;;;;;;;;;;;;;;;;;;;;;;;;;;;;;;;;;
Brazil;BRA;People using safely managed sanitation services, urban (% of urban population);SH.STA.SMSS.UR.ZS;;;;;;;;;;;;;;;;;;;;;;;;;;;;;;;;;;;;;;;;;39,03270229;39,34517233;39,65808999;39,97145529;40,2852682;40,59952875;40,91423692;41,22939271;41,54499613;41,86104718;42,17754585;42,49449214;43,36075687;44,24426671;45,14505931;46,06317235;46,99864347;47,95151032;48,92181056;49,90958186;50,6743835;51,42855613;51,42855613;;
Barbados;BRB;People using safely managed sanitation services, urban (% of urban population);SH.STA.SMSS.UR.ZS;;;;;;;;;;;;;;;;;;;;;;;;;;;;;;;;;;;;;;;;;;;;;;;;;;;;;;;;;;;;;;;;;
Brunei Darussalam;BRN;People using safely managed sanitation services, urban (% of urban population);SH.STA.SMSS.UR.ZS;;;;;;;;;;;;;;;;;;;;;;;;;;;;;;;;;;;;;;;;;;;;;;;;;;;;;;;;;;;;;;;;;
Bhutan;BTN;People using safely managed sanitation services, urban (% of urban population);SH.STA.SMSS.UR.ZS;;;;;;;;;;;;;;;;;;;;;;;;;;;;;;;;;;;;;;;;;49,22359347;49,22359347;49,15524045;49,08688742;49,0185344;48,95018138;48,88182835;48,81347533;48,74512231;48,00176705;47,25480497;46,50423607;45,75006034;44,99227779;44,23088842;43,46589222;42,6972892;41,92507936;41,14926269;40,8393211;40,89751543;40,95559782;40,95559782;;
Botswana;BWA;People using safely managed sanitation services, urban (% of urban population);SH.STA.SMSS.UR.ZS;;;;;;;;;;;;;;;;;;;;;;;;;;;;;;;;;;;;;;;;;;;;;;;;;;;;;;;;;;;;;;;;;
Central African Republic;CAF;People using safely managed sanitation services, urban (% of urban population);SH.STA.SMSS.UR.ZS;;;;;;;;;;;;;;;;;;;;;;;;;;;;;;;;;;;;;;;;;36,82979715;36,6542817;36,47876626;36,30325081;36,12773537;35,33976493;34,55689511;33,77912592;33,00645735;32,2388894;31,47642207;30,71905537;29,96678928;29,21962382;28,47755899;27,74059477;27,00873118;26,28196821;25,56030586;24,84374414;24,13228303;23,42592255;23,42592255;;
Canada;CAN;People using safely managed sanitation services, urban (% of urban population);SH.STA.SMSS.UR.ZS;;;;;;;;;;;;;;;;;;;;;;;;;;;;;;;;;;;;;;;;;77,53333861;77,53333861;77,53333861;77,98793798;78,44253735;78,89675035;79,33273344;79,70926004;80,08496963;80,45986293;80,83394064;81,20720349;81,57965217;81,95128741;82,32210992;82,6921204;83,06131957;83,42970813;83,80150985;84,17250026;84,09412327;84,01574628;84,01574628;;
Central Europe and the Baltics;CEB;People using safely managed sanitation services, urban (% of urban population);SH.STA.SMSS.UR.ZS;;;;;;;;;;;;;;;;;;;;;;;;;;;;;;;;;;;;;;;;;;;;;;;;;;;;;;;;;;;;;;;;;
Switzerland;CHE;People using safely managed sanitation services, urban (% of urban population);SH.STA.SMSS.UR.ZS;;;;;;;;;;;;;;;;;;;;;;;;;;;;;;;;;;;;;;;;;99,84994995;99,84994995;99,84994995;99,84994995;99,84994995;99,84994995;99,84994995;99,84994995;99,84994995;99,84994995;99,84994995;99,84994995;99,84994995;99,8541626;99,86078247;99,86740234;99,87402221;99,88064209;99,88726196;99,89388183;99,8998999;99,8998999;99,8998999;;
Channel Islands;CHI;People using safely managed sanitation services, urban (% of urban population);SH.STA.SMSS.UR.ZS;;;;;;;;;;;;;;;;;;;;;;;;;;;;;;;;;;;;;;;;;;;;;;;;;;;;;;;;;;;;;;;;;
Chile;CHL;People using safely managed sanitation services, urban (% of urban population);SH.STA.SMSS.UR.ZS;;;;;;;;;;;;;;;;;;;;;;;;;;;;;;;;;;;;;;;;;70,11824839;70,31993899;70,5216296;70,72332021;72,85669948;75,00338193;77,16336758;79,33665642;81,52324846;83,72314368;85,93634209;88,16284369;90,40264848;92,65575646;94,92216764;97,16357039;98,77051623;99,00717758;99,06076887;99,24222426;99,24222426;99,24222426;99,24222426;;
China;CHN;People using safely managed sanitation services, urban (% of urban population);SH.STA.SMSS.UR.ZS;;;;;;;;;;;;;;;;;;;;;;;;;;;;;;;;;;;;;;;;;27,8946796;28,12656469;28,34825058;31,39909811;34,47316653;37,57051531;40,69120394;43,83529187;47,00283859;50,19390357;53,40854629;56,6468262;59,90880279;63,19453553;66,5040839;69,83750736;73,19486539;76,57621746;79,98162304;83,41114161;83,84377848;84,27753378;84,7124075;;
Cote d'Ivoire;CIV;People using safely managed sanitation services, urban (% of urban population);SH.STA.SMSS.UR.ZS;;;;;;;;;;;;;;;;;;;;;;;;;;;;;;;;;;;;;;;;;16,23125479;16,46195114;16,6926475;16,92334385;17,1540402;17,31659884;17,47980643;17,64366298;17,80816848;17,97332293;18,13912634;18,3055787;18,47268002;18,64043029;18,80882952;18,9778777;19,14757483;19,31792092;19,48891596;19,66055996;19,83285291;19,95100322;20,06915353;;
Cameroon;CMR;People using safely managed sanitation services, urban (% of urban population);SH.STA.SMSS.UR.ZS;;;;;;;;;;;;;;;;;;;;;;;;;;;;;;;;;;;;;;;;;;;;;;;;;;;;;;;;;;;;;;;;;
Congo, Dem. Rep.;COD;People using safely managed sanitation services, urban (% of urban population);SH.STA.SMSS.UR.ZS;;;;;;;;;;;;;;;;;;;;;;;;;;;;;;;;;;;;;;;;;18,9839315;18,81912838;18,65432526;18,48952214;18,32471902;18,1599159;18,1474752;18,13224376;18,11422158;17,91534723;17,71076567;17,5004769;17,28448092;17,06277773;16,83536733;16,60224972;16,36342489;16,11889286;15,86865362;15,61270716;15,35105349;15,25343612;15,15264299;;
Congo, Rep.;COG;People using safely managed sanitation services, urban (% of urban population);SH.STA.SMSS.UR.ZS;;;;;;;;;;;;;;;;;;;;;;;;;;;;;;;;;;;;;;;;;;;;;;;;;;;;;;;;;;;;;;;;;
Colombia;COL;People using safely managed sanitation services, urban (% of urban population);SH.STA.SMSS.UR.ZS;;;;;;;;;;;;;;;;;;;;;;;;;;;;;;;;;;;;;;;;;14,23094344;14,34783763;14,4648505;14,58198204;14,69923226;14,81660115;14,93408871;15,05169495;15,16941986;15,28726344;15,40522569;15,52330662;15,64150622;15,75982449;15,87826144;15,99681706;16,11549136;16,23428432;16,35319596;16,47222627;16,59137526;16,71064292;16,83002925;;
Comoros;COM;People using safely managed sanitation services, urban (% of urban population);SH.STA.SMSS.UR.ZS;;;;;;;;;;;;;;;;;;;;;;;;;;;;;;;;;;;;;;;;;;;;;;;;;;;;;;;;;;;;;;;;;
Cabo Verde;CPV;People using safely managed sanitation services, urban (% of urban population);SH.STA.SMSS.UR.ZS;;;;;;;;;;;;;;;;;;;;;;;;;;;;;;;;;;;;;;;;;;;;;;;;;;;;;;;;;;;;;;;;;
Costa Rica;CRI;People using safely managed sanitation services, urban (% of urban population);SH.STA.SMSS.UR.ZS;;;;;;;;;;;;;;;;;;;;;;;;;;;;;;;;;;;;;;;;;18,130431;18,23808769;18,34574438;18,45340106;18,56105775;18,66871444;18,77637113;18,88402782;19,01797445;19,16068321;19,30226715;19,63694946;19,99054028;20,3369771;20,67611795;21,00782062;21,3319426;21,64834111;21,95687311;22,25739529;22,54976406;22,83383556;23,10946565;;
Caribbean small states;CSS;People using safely managed sanitation services, urban (% of urban population);SH.STA.SMSS.UR.ZS;;;;;;;;;;;;;;;;;;;;;;;;;;;;;;;;;;;;;;;;;;;;;;;;;;;;;;;;;;;;;;;;;
Cuba;CUB;People using safely managed sanitation services, urban (% of urban population);SH.STA.SMSS.UR.ZS;;;;;;;;;;;;;;;;;;;;;;;;;;;;;;;;;;;;;;;;;39,2362446;39,32672102;39,41719745;39,50767387;39,59815029;39,44966083;39,29956636;39,14786688;38,99456239;38,83965289;38,68313838;38,52501886;38,36529433;38,20396479;38,04103023;37,87649067;37,7103461;37,54259652;37,37324193;37,20228233;37,02971772;36,8555481;37,05638937;;
Curacao;CUW;People using safely managed sanitation services, urban (% of urban population);SH.STA.SMSS.UR.ZS;;;;;;;;;;;;;;;;;;;;;;;;;;;;;;;;;;;;;;;;;;;;;;;;;;;;;;;;;;;;;;;;;
Cayman Islands;CYM;People using safely managed sanitation services, urban (% of urban population);SH.STA.SMSS.UR.ZS;;;;;;;;;;;;;;;;;;;;;;;;;;;;;;;;;;;;;;;;;;;;;;;;;;;;;;;;;;;;;;;;;
Cyprus;CYP;People using safely managed sanitation services, urban (% of urban population);SH.STA.SMSS.UR.ZS;;;;;;;;;;;;;;;;;;;;;;;;;;;;;;;;;;;;;;;;;86,44806687;86,44806687;86,44806687;86,31423216;86,18039745;86,17780906;86,17704126;86,17627347;86,17550568;86,17473788;86,17397009;86,1732023;86,1724345;86,17166671;86,17089892;86,17013112;86,16936333;86,16859553;86,16782774;86,16782774;86,16782774;86,16782774;86,16782774;;
Czechia;CZE;People using safely managed sanitation services, urban (% of urban population);SH.STA.SMSS.UR.ZS;;;;;;;;;;;;;;;;;;;;;;;;;;;;;;;;;;;;;;;;;;;;;;;;;;;;;;;;;;;;;;;;;
Germany;DEU;People using safely managed sanitation services, urban (% of urban population);SH.STA.SMSS.UR.ZS;;;;;;;;;;;;;;;;;;;;;;;;;;;;;;;;;;;;;;;;;97,62808547;97,62808547;97,62808547;97,62808547;97,68435071;97,74061596;97,7968812;97,85314644;97,90941168;97,96567693;98,02194217;98,07820741;98,13447265;98,1907379;98,24700314;98,30326838;98,35953362;98,41579887;98,47206411;98,47206411;98,47206411;98,47206411;98,47206411;;
Djibouti;DJI;People using safely managed sanitation services, urban (% of urban population);SH.STA.SMSS.UR.ZS;;;;;;;;;;;;;;;;;;;;;;;;;;;;;;;;;;;;;;;;;31,23370161;31,23370161;31,23370161;31,23370161;31,23370161;32,16369258;33,08956919;34,01133145;34,92897936;35,84251292;36,75193212;37,65723698;38,55842748;39,45550363;40,34846543;41,23731288;42,12204598;43,00266472;43,87916911;44,75155916;44,75155916;44,75155916;44,75155916;;
Dominica;DMA;People using safely managed sanitation services, urban (% of urban population);SH.STA.SMSS.UR.ZS;;;;;;;;;;;;;;;;;;;;;;;;;;;;;;;;;;;;;;;;;;;;;;;;;;;;;;;;;;;;;;;;;
Denmark;DNK;People using safely managed sanitation services, urban (% of urban population);SH.STA.SMSS.UR.ZS;;;;;;;;;;;;;;;;;;;;;;;;;;;;;;;;;;;;;;;;;;;;;;;;;;;;;;;;;;;;;;;;;
Dominican Republic;DOM;People using safely managed sanitation services, urban (% of urban population);SH.STA.SMSS.UR.ZS;;;;;;;;;;;;;;;;;;;;;;;;;;;;;;;;;;;;;;;;;49,08837939;49,35521889;49,05368356;48,74857069;48,4398803;48,12761237;47,81176692;47,49234393;47,16934342;46,84276537;46,5126098;46,17887669;45,84156606;45,50067789;45,1562122;44,80816897;44,45654822;44,10134993;43,74257412;43,38022077;43,0142899;42,64478149;42,27169556;;
Algeria;DZA;People using safely managed sanitation services, urban (% of urban population);SH.STA.SMSS.UR.ZS;;;;;;;;;;;;;;;;;;;;;;;;;;;;;;;;;;;;;;;;;65,84215433;65,91515991;65,9881655;66,06117109;66,13417668;66,20718226;66,28018785;66,35319344;66,42619903;66,49920462;66,5722102;66,64521579;66,44078188;66,23574079;66,03009254;65,82383711;65,61697452;65,40950476;65,20142783;64,99274373;64,78345246;64,57355402;64,57355402;;
East Asia & Pacific (excluding high income);EAP;People using safely managed sanitation services, urban (% of urban population);SH.STA.SMSS.UR.ZS;;;;;;;;;;;;;;;;;;;;;;;;;;;;;;;;;;;;;;;;;30,43791657;30,6245198;30,76340833;33,26271976;35,79623054;38,37192934;40,97823482;43,6262154;46,30081364;48,99957711;51,72582943;54,49804219;57,30090978;60,12851754;62,98107749;65,85767735;68,75842467;71,68457312;74,62962287;77,58946959;77,99744332;78,39773511;78,79248371;;
Early-demographic dividend;EAR;People using safely managed sanitation services, urban (% of urban population);SH.STA.SMSS.UR.ZS;;;;;;;;;;;;;;;;;;;;;;;;;;;;;;;;;;;;;;;;;35,77204364;36,19164315;36,65231482;37,32981943;38,14670839;38,79454838;39,45732835;40,20549347;40,94641882;41,6975205;42,41789397;43,23246958;44,04388432;44,88750056;45,73133116;46,61395936;47,46809504;48,29217156;49,09627762;49,91014753;50,75829454;51,54690602;52,38102006;;
East Asia & Pacific;EAS;People using safely managed sanitation services, urban (% of urban population);SH.STA.SMSS.UR.ZS;;;;;;;;;;;;;;;;;;;;;;;;;;;;;;;;;;;;;;;;;44,1917849;44,18672654;44,13777113;45,69152485;47,27998538;48,9212907;50,60108878;52,34796523;54,12962399;55,94224526;57,79095468;59,69235256;61,63451995;63,61817346;65,65691395;67,73346367;69,84440508;71,99042008;74,16093995;76,35303407;76,66487326;76,96523077;77,25811671;;
Europe & Central Asia (excluding high income);ECA;People using safely managed sanitation services, urban (% of urban population);SH.STA.SMSS.UR.ZS;;;;;;;;;;;;;;;;;;;;;;;;;;;;;;;;;;;;;;;;;47,28121657;47,33502267;47,52036002;47,72010487;48,43736006;49,17913666;49,84409713;50,60618958;51,39146563;52,85503026;54,37274555;55,89219747;57,407001;58,94140163;60,44532021;61,90896323;63,36669262;64,8898479;66,44476627;67,4621149;68,48328486;69,49308668;70,52022536;;
Europe & Central Asia;ECS;People using safely managed sanitation services, urban (% of urban population);SH.STA.SMSS.UR.ZS;;;;;;;;;;;;;;;;;;;;;;;;;;;;;;;;;;;;;;;;;73,1913969;73,25620423;73,39604036;73,53538412;73,85204592;74,17656632;74,45614221;74,78992385;75,13366436;75,65313618;76,19065691;76,73631783;77,27663402;77,8181878;78,3432839;78,86856645;79,39196285;79,93187226;80,4596996;80,77414721;81,05704733;81,34300068;81,5771523;;
Ecuador;ECU;People using safely managed sanitation services, urban (% of urban population);SH.STA.SMSS.UR.ZS;;;;;;;;;;;;;;;;;;;;;;;;;;;;;;;;;;;;;;;;;38,32104073;37,92273004;37,52441935;37,12610866;36,72779797;36,49651129;36,26156216;36,02295059;35,78067656;35,53474009;35,28514116;35,03187979;34,77495597;34,5143697;34,25012098;33,98220981;33,71063619;33,43540013;33,06014797;32,54346103;32,05811483;31,56741288;30,93942329;;
Egypt, Arab Rep.;EGY;People using safely managed sanitation services, urban (% of urban population);SH.STA.SMSS.UR.ZS;;;;;;;;;;;;;;;;;;;;;;;;;;;;;;;;;;;;;;;;;64,55916384;64,52129059;64,48271572;64,44343921;64,8872735;65,33238177;65,77876404;66,2264203;66,67535055;67,1255548;67,57703304;68,02978527;68,48381149;68,93911171;69,39568592;69,85353412;70,31265631;70,77305249;71,32994125;71,9831447;72,63837523;72,63837523;72,63837523;;
Euro area;EMU;People using safely managed sanitation services, urban (% of urban population);SH.STA.SMSS.UR.ZS;;;;;;;;;;;;;;;;;;;;;;;;;;;;;;;;;;;;;;;;;;;;;;;;;;;;;;;;;;;;;;;;;
Eritrea;ERI;People using safely managed sanitation services, urban (% of urban population);SH.STA.SMSS.UR.ZS;;;;;;;;;;;;;;;;;;;;;;;;;;;;;;;;;;;;;;;;;;;;;;;;;;;;;;;;;;;;;;;;;
Spain;ESP;People using safely managed sanitation services, urban (% of urban population);SH.STA.SMSS.UR.ZS;;;;;;;;;;;;;;;;;;;;;;;;;;;;;;;;;;;;;;;;;;;;;;;;;;;;;;;;;;;;;;;;;
Estonia;EST;People using safely managed sanitation services, urban (% of urban population);SH.STA.SMSS.UR.ZS;;;;;;;;;;;;;;;;;;;;;;;;;;;;;;;;;;;;;;;;;94,57085696;94,65165931;94,73246166;94,77610102;94,9057358;95,03571026;95,1660233;95,29667381;95,42766068;95,55898281;95,6906391;95,82262843;95,9549497;96,0876018;96,22058364;96,41547078;96,6109351;96,80697661;97,00359531;97,14010745;97,33699804;97,53388863;97,73077922;;
Ethiopia;ETH;People using safely managed sanitation services, urban (% of urban population);SH.STA.SMSS.UR.ZS;;;;;;;;;;;;;;;;;;;;;;;;;;;;;;;;;;;;;;;;;12,15295099;12,31038244;12,42339685;12,53641126;12,78798748;13,04203963;13,29856769;13,55757167;13,81905158;14,0830074;14,34943914;14,61834681;14,88973039;15,16358989;15,43992531;15,71873666;16,00002392;16,2837871;16,5700262;16,85874122;17,14993216;17,44359902;17,44359902;;
European Union;EUU;People using safely managed sanitation services, urban (% of urban population);SH.STA.SMSS.UR.ZS;;;;;;;;;;;;;;;;;;;;;;;;;;;;;;;;;;;;;;;;;;;;;;;;;;;;;;;;;;;;;;;;;
Fragile and conflict affected situations;FCS;People using safely managed sanitation services, urban (% of urban population);SH.STA.SMSS.UR.ZS;;;;;;;;;;;;;;;;;;;;;;;;;;;;;;;;;;;;;;;;;28,55895334;28,51578559;28,67496032;28,82479594;28,99159562;29,16912877;29,37677043;29,59079969;29,82493106;30,45170214;31,05835583;31,73039537;32,38363046;33,09745833;33,77569674;34,45595898;35,09816921;35,72371946;36,2974715;36,5284238;36,76970066;36,96401751;36,99838786;;
Finland;FIN;People using safely managed sanitation services, urban (% of urban population);SH.STA.SMSS.UR.ZS;;;;;;;;;;;;;;;;;;;;;;;;;;;;;;;;;;;;;;;;;;;;;;;;;;;;;;;;;;;;;;;;;
Fiji;FJI;People using safely managed sanitation services, urban (% of urban population);SH.STA.SMSS.UR.ZS;;;;;;;;;;;;;;;;;;;;;;;;;;;;;;;;;;;;;;;;;41,751537;41,751537;41,751537;41,94367455;42,1358121;42,32794966;42,3871115;42,44507158;42,50182989;42,55738643;42,61174121;42,66489422;42,71684546;42,76759493;42,81714264;42,86548858;42,91263275;42,95857516;43,00331579;43,04685466;42,95466729;42,81372062;42,67277396;;
France;FRA;People using safely managed sanitation services, urban (% of urban population);SH.STA.SMSS.UR.ZS;;;;;;;;;;;;;;;;;;;;;;;;;;;;;;;;;;;;;;;;;;;;;;;;;;;;;;;;;;;;;;;;;
Faroe Islands;FRO;People using safely managed sanitation services, urban (% of urban population);SH.STA.SMSS.UR.ZS;;;;;;;;;;;;;;;;;;;;;;;;;;;;;;;;;;;;;;;;;;;;;;;;;;;;;;;;;;;;;;;;;
Micronesia, Fed. Sts.;FSM;People using safely managed sanitation services, urban (% of urban population);SH.STA.SMSS.UR.ZS;;;;;;;;;;;;;;;;;;;;;;;;;;;;;;;;;;;;;;;;;;;;;;;;;;;;;;;;;;;;;;;;;
Gabon;GAB;People using safely managed sanitation services, urban (% of urban population);SH.STA.SMSS.UR.ZS;;;;;;;;;;;;;;;;;;;;;;;;;;;;;;;;;;;;;;;;;;;;;;;;;;;;;;;;;;;;;;;;;
United Kingdom;GBR;People using safely managed sanitation services, urban (% of urban population);SH.STA.SMSS.UR.ZS;;;;;;;;;;;;;;;;;;;;;;;;;;;;;;;;;;;;;;;;;98,88331058;98,88331058;98,88331058;98,88331058;98,88331058;98,88331058;98,88331058;98,89436808;98,90542558;98,91648308;98,92754058;98,93859809;98,94965559;98,95579865;98,95579865;98,95579865;98,95579865;98,95579865;98,95579865;98,95579865;98,95579865;98,95579865;98,95579865;;
Georgia;GEO;People using safely managed sanitation services, urban (% of urban population);SH.STA.SMSS.UR.ZS;;;;;;;;;;;;;;;;;;;;;;;;;;;;;;;;;;;;;;;;;30,86890686;30,08239602;29,29357469;28,45876949;27,67917417;26,89624193;26,10997277;25,32036669;24,52742368;23,73114376;22,93152691;22,12857314;21,32228245;20,51265484;19,65284284;18,78765149;17,91706989;17,04108716;16,15969241;15,27287475;14,49289927;14,24452818;14,14170589;;
Ghana;GHA;People using safely managed sanitation services, urban (% of urban population);SH.STA.SMSS.UR.ZS;;;;;;;;;;;;;;;;;;;;;;;;;;;;;;;;;;;;;;;;;5,867618843;5,892166749;6,338320155;6,778684749;7,213260531;7,6420475;8,065045657;8,482255002;8,893675535;9,299307255;9,699150163;10,09320426;10,48146954;10,86394601;11,24063367;11,61153252;11,97664255;12,33596378;12,68949619;13,03723978;13,37919457;13,71536054;14,0457377;;
Gibraltar;GIB;People using safely managed sanitation services, urban (% of urban population);SH.STA.SMSS.UR.ZS;;;;;;;;;;;;;;;;;;;;;;;;;;;;;;;;;;;;;;;;;;;;;;;;;;;;;;;;;;;;;;;;;
Guinea;GIN;People using safely managed sanitation services, urban (% of urban population);SH.STA.SMSS.UR.ZS;;;;;;;;;;;;;;;;;;;;;;;;;;;;;;;;;;;;;;;;;;;;;;;;;;;;;;;;;;;;;;;;;
Gambia, The;GMB;People using safely managed sanitation services, urban (% of urban population);SH.STA.SMSS.UR.ZS;;;;;;;;;;;;;;;;;;;;;;;;;;;;;;;;;;;;;;;;;28,42507496;28,1342041;27,84333323;27,55246237;27,26159151;27,85649451;28,40602387;28,91017957;29,36896162;29,78237002;30,15040476;30,47306586;30,7503533;30,98226709;31,16880722;31,30997371;31,40576654;31,45618572;31,46123125;31,42090312;31,33520134;31,20412591;31,02767683;;
Guinea-Bissau;GNB;People using safely managed sanitation services, urban (% of urban population);SH.STA.SMSS.UR.ZS;;;;;;;;;;;;;;;;;;;;;;;;;;;;;;;;;;;;;;;;;4,957432825;5,605424656;6,253416486;6,901408316;7,549400146;8,267577809;8,996851645;9,737221656;10,48868784;11,2512502;12,02490874;12,80966344;13,60551433;14,41246139;15,23050462;16,05964402;16,89987961;17,75121136;18,61363929;19,4871634;20,37178367;21,26750013;21,26750013;;
Equatorial Guinea;GNQ;People using safely managed sanitation services, urban (% of urban population);SH.STA.SMSS.UR.ZS;;;;;;;;;;;;;;;;;;;;;;;;;;;;;;;;;;;;;;;;;;;;;;;;;;;;;;;;;;;;;;;;;
Greece;GRC;People using safely managed sanitation services, urban (% of urban population);SH.STA.SMSS.UR.ZS;;;;;;;;;;;;;;;;;;;;;;;;;;;;;;;;;;;;;;;;;85,38701899;85,94171839;86,49641779;87,05111719;87,6058166;88,160516;88,7152154;89,2699148;89,8246142;90,3793136;90,934013;91,48871241;92,04341181;92,59811121;93,15281061;93,74335091;94,34460667;94,94586244;95,54711821;96,14837397;96,74962974;97,35088551;97,35088551;;
Grenada;GRD;People using safely managed sanitation services, urban (% of urban population);SH.STA.SMSS.UR.ZS;;;;;;;;;;;;;;;;;;;;;;;;;;;;;;;;;;;;;;;;;;;;;;;;;;;;;;;;;;;;;;;;;
Greenland;GRL;People using safely managed sanitation services, urban (% of urban population);SH.STA.SMSS.UR.ZS;;;;;;;;;;;;;;;;;;;;;;;;;;;;;;;;;;;;;;;;;;;;;;;;;;;;;;;;;;;;;;;;;
Guatemala;GTM;People using safely managed sanitation services, urban (% of urban population);SH.STA.SMSS.UR.ZS;;;;;;;;;;;;;;;;;;;;;;;;;;;;;;;;;;;;;;;;;;;;;;;;;;;;;;;;;;;;;;;;;
Guam;GUM;People using safely managed sanitation services, urban (% of urban population);SH.STA.SMSS.UR.ZS;;;;;;;;;;;;;;;;;;;;;;;;;;;;;;;;;;;;;;;;;;;;;;;;;;;;;;;;;;;;;;;;;
Guyana;GUY;People using safely managed sanitation services, urban (% of urban population);SH.STA.SMSS.UR.ZS;;;;;;;;;;;;;;;;;;;;;;;;;;;;;;;;;;;;;;;;;43,25987817;42,77339807;42,28691797;41,80043787;41,41777785;41,03267282;40,64512279;40,25512775;39,86268771;39,46780266;39,07047261;38,67069756;38,2684775;37,86381244;37,45670237;37,0471473;36,63514723;36,22070215;35,80381206;35,38447698;34,96269689;34,53847179;34,11180169;;
High income;HIC;People using safely managed sanitation services, urban (% of urban population);SH.STA.SMSS.UR.ZS;;;;;;;;;;;;;;;;;;;;;;;;;;;;;;;;;;;;;;;;;89,07150913;89,1753368;89,31089111;89,45290426;89,67475221;89,89596449;90,10763113;90,33530389;90,56380563;90,82088181;91,07515764;91,3293116;91,58413431;91,8436224;92,11958319;92,38083837;92,62483729;92,83847725;93,01812369;93,13248355;93,21588664;93,28637552;93,24790771;;
Hong Kong SAR, China;HKG;People using safely managed sanitation services, urban (% of urban population);SH.STA.SMSS.UR.ZS;;;;;;;;;;;;;;;;;;;;;;;;;;;;;;;;;;;;;;;;;75,20800283;75,20800283;75,20800283;75,20800283;75,19484616;75,18168949;75,16853282;75,15537615;75,14221948;75,12906281;75,11590614;75,10274947;75,0895928;75,07643613;77,64037347;80,20430497;82,76823064;85,33215048;87,89606448;90,45997266;93,023875;95,60088985;96,50417399;;
Honduras;HND;People using safely managed sanitation services, urban (% of urban population);SH.STA.SMSS.UR.ZS;;;;;;;;;;;;;;;;;;;;;;;;;;;;;;;;;;;;;;;;;38,09071481;38,32254478;38,55499214;38,78805689;39,02173904;39,10570573;39,18970174;39,27372706;39,35778169;39,44186564;39,5259789;39,61012147;39,69429336;39,77849455;39,86272507;39,94698489;40,03127403;40,11559248;40,19994025;40,28431733;40,36872372;40,45315942;40,46088734;;
Heavily indebted poor countries (HIPC);HPC;People using safely managed sanitation services, urban (% of urban population);SH.STA.SMSS.UR.ZS;;;;;;;;;;;;;;;;;;;;;;;;;;;;;;;;;;;;;;;;;15,20073156;15,4225007;15,67403366;15,93255667;16,19832466;16,47946743;16,78936061;17,03434894;17,35436871;17,58688556;17,79230314;17,98990002;18,16818296;18,36360463;18,55878677;18,75435042;18,95756961;19,15839465;19,35503799;19,55078624;19,79002776;19,96492271;20,05531512;;
Croatia;HRV;People using safely managed sanitation services, urban (% of urban population);SH.STA.SMSS.UR.ZS;;;;;;;;;;;;;;;;;;;;;;;;;;;;;;;;;;;;;;;;;89,10445244;89,10445244;89,02496197;88,94542856;88,86585219;88,78623288;88,70657062;88,62686541;88,54711726;88,46732615;88,3874921;88,3076151;88,22769515;88,14773225;88,06772641;88,0868081;88,10588979;88,12497148;88,12497148;88,12497148;88,12497148;88,12497148;;;
Haiti;HTI;People using safely managed sanitation services, urban (% of urban population);SH.STA.SMSS.UR.ZS;;;;;;;;;;;;;;;;;;;;;;;;;;;;;;;;;;;;;;;;;;;;;;;;;;;;;;;;;;;;;;;;;
Hungary;HUN;People using safely managed sanitation services, urban (% of urban population);SH.STA.SMSS.UR.ZS;;;;;;;;;;;;;;;;;;;;;;;;;;;;;;;;;;;;;;;;;66,76089781;66,5380695;66,3152412;66,09241289;67,6122133;69,15786955;70,72938163;72,32674954;73,94997329;75,59905287;77,27398829;78,97477953;80,70142662;82,45392953;84,23228828;86,03650287;87,86657328;89,95681864;90,54745113;90,54745113;90,54745113;90,54745113;90,54745113;;
IBRD only;IBD;People using safely managed sanitation services, urban (% of urban population);SH.STA.SMSS.UR.ZS;;;;;;;;;;;;;;;;;;;;;;;;;;;;;;;;;;;;;;;;;35,3898114;35,59417773;35,82713819;37,04919969;38,39042356;39,69571202;41,04090201;42,46879061;43,92440337;45,45813242;47,02587109;48,63549742;50,31670653;52,04027621;53,7975556;55,57701449;57,36884867;59,1757218;60,98892655;62,77345833;63,46750131;64,13684597;64,70610407;;
IDA & IBRD total;IBT;People using safely managed sanitation services, urban (% of urban population);SH.STA.SMSS.UR.ZS;;;;;;;;;;;;;;;;;;;;;;;;;;;;;;;;;;;;;;;;;34,12730483;34,30492319;34,52112286;35,59804323;36,77691653;37,91633646;39,08857777;40,32844838;41,58619061;42,90228187;44,24104017;45,61682731;47,04896096;48,51186658;49,99612962;51,49580219;52,9941757;54,49741597;55,9963186;57,45909315;57,99835347;58,50319513;58,91268084;;
IDA total;IDA;People using safely managed sanitation services, urban (% of urban population);SH.STA.SMSS.UR.ZS;;;;;;;;;;;;;;;;;;;;;;;;;;;;;;;;;;;;;;;;;25,08119851;25,20948008;25,44656568;25,66909155;25,90361771;26,10925755;26,33606558;26,56003735;26,79992573;27,01013496;27,21922284;27,48138431;27,73393202;27,9953723;28,25856983;28,55498232;28,83941254;29,12416985;29,39238576;29,64896856;29,93061535;30,18656693;30,45322733;;
IDA blend;IDB;People using safely managed sanitation services, urban (% of urban population);SH.STA.SMSS.UR.ZS;;;;;;;;;;;;;;;;;;;;;;;;;;;;;;;;;;;;;;;;;;;;;;;;;;;;;;;;;;;;;;;;;
Indonesia;IDN;People using safely managed sanitation services, urban (% of urban population);SH.STA.SMSS.UR.ZS;;;;;;;;;;;;;;;;;;;;;;;;;;;;;;;;;;;;;;;;;;;;;;;;;;;;;;;;;;;;;;;;;
IDA only;IDX;People using safely managed sanitation services, urban (% of urban population);SH.STA.SMSS.UR.ZS;;;;;;;;;;;;;;;;;;;;;;;;;;;;;;;;;;;;;;;;;24,76900074;24,98543316;25,14916099;25,28400858;25,42681998;25,52911774;25,65294384;25,75746215;25,88168792;25,94789475;26,00401646;26,05779268;26,10947616;26,17250264;26,23733887;26,35381864;26,45354497;26,55406448;26,65935138;26,76533721;26,90275325;26,99528701;27,07721864;;
Isle of Man;IMN;People using safely managed sanitation services, urban (% of urban population);SH.STA.SMSS.UR.ZS;;;;;;;;;;;;;;;;;;;;;;;;;;;;;;;;;;;;;;;;;;;;;;;;;;;;;;;;;;;;;;;;;
India;IND;People using safely managed sanitation services, urban (% of urban population);SH.STA.SMSS.UR.ZS;;;;;;;;;;;;;;;;;;;;;;;;;;;;;;;;;;;;;;;;;20,87003072;21,64536181;22,62062113;23,6097079;24,61262213;25,2700437;25,93510522;26,84362377;27,7702663;28,71519629;29,6785772;30,6605725;31,66134565;32,68106013;33,71987939;34,7779669;35,85548614;36,95260056;38,06947364;39,20626883;40,36314962;41,54027945;42,73782181;;
Not classified;INX;People using safely managed sanitation services, urban (% of urban population);SH.STA.SMSS.UR.ZS;;;;;;;;;;;;;;;;;;;;;;;;;;;;;;;;;;;;;;;;;;;;;;;;;;;;;;;;;;;;;;;;;
Ireland;IRL;People using safely managed sanitation services, urban (% of urban population);SH.STA.SMSS.UR.ZS;;;;;;;;;;;;;;;;;;;;;;;;;;;;;;;;;;;;;;;;;48,02784633;50,1424773;52,25932423;54,37171364;56,47964553;58,5831199;60,87010591;63,16569346;65,46983642;67,78248866;70,10360404;72,43313641;74,77103964;77,1172676;79,47177415;81,83451315;83,75286228;83,92415629;84,09487149;84,34549363;84,59611578;84,84673792;84,84673792;;
Iran, Islamic Rep.;IRN;People using safely managed sanitation services, urban (% of urban population);SH.STA.SMSS.UR.ZS;;;;;;;;;;;;;;;;;;;;;;;;;;;;;;;;;;;;;;;;;81,55074279;81,84695829;82,14317379;82,43938929;82,73560479;82,43582818;82,13605157;81,83627496;81,53649835;81,23672174;80,93694512;80,63716851;80,3373919;80,03761529;79,76833011;79,49904493;79,22975975;78,96047456;78,45952473;77,89402405;77,32852337;76,76302269;76,197522;;
Iraq;IRQ;People using safely managed sanitation services, urban (% of urban population);SH.STA.SMSS.UR.ZS;;;;;;;;;;;;;;;;;;;;;;;;;;;;;;;;;;;;;;;;;26,70701808;27,35209719;27,9971763;28,64225541;29,28733452;30,15255;31,04723085;31,97218499;32,9282203;33,91614469;34,93676604;35,99089226;37,07933125;39,00361163;41,00198442;43,07066487;45,20570717;47,41750256;49,50747359;51,18705195;52,90160706;53,79065206;54,67868233;;
Iceland;ISL;People using safely managed sanitation services, urban (% of urban population);SH.STA.SMSS.UR.ZS;;;;;;;;;;;;;;;;;;;;;;;;;;;;;;;;;;;;;;;;;;;;;;;;;;;;;;;;;;;;;;;;;
Israel;ISR;People using safely managed sanitation services, urban (% of urban population);SH.STA.SMSS.UR.ZS;;;;;;;;;;;;;;;;;;;;;;;;;;;;;;;;;;;;;;;;;80,34024784;81,04554958;81,75339406;82,46378129;83,17671125;83,89218396;84,61019941;85,3307576;86,05385854;86,77950221;87,50768863;88,23841779;88,97168969;89,70750434;90,44586172;91,18676185;91,93020472;92,67619034;93,42471869;94,17578979;94,92940363;95,68556021;96,44425953;;
Italy;ITA;People using safely managed sanitation services, urban (% of urban population);SH.STA.SMSS.UR.ZS;;;;;;;;;;;;;;;;;;;;;;;;;;;;;;;;;;;;;;;;;79,35852696;79,35852696;79,35852696;79,35852696;79,36215776;79,36578855;79,36941935;79,37305015;79,37668094;79,38031174;79,38394254;79,38757333;79,39120413;79,39483493;79,39846572;79,40209652;79,40572732;79,40935811;79,40935811;79,40935811;79,40935811;79,40935811;79,40935811;;
Jamaica;JAM;People using safely managed sanitation services, urban (% of urban population);SH.STA.SMSS.UR.ZS;;;;;;;;;;;;;;;;;;;;;;;;;;;;;;;;;;;;;;;;;;;;;;;;;;;;;;;;;;;;;;;;;
Jordan;JOR;People using safely managed sanitation services, urban (% of urban population);SH.STA.SMSS.UR.ZS;;;;;;;;;;;;;;;;;;;;;;;;;;;;;;;;;;;;;;;;;83,38002888;83,3622974;83,3922309;83,40697273;83,43361703;83,49461656;83,55558256;83,61651502;83,67741396;83,73827936;83,79911123;83,85990956;83,92067436;83,98140563;84,04210337;84,10276758;84,16339825;84,22399539;84,284559;84,34508907;84,40558561;84,40558561;84,40558561;;
Japan;JPN;People using safely managed sanitation services, urban (% of urban population);SH.STA.SMSS.UR.ZS;;;;;;;;;;;;;;;;;;;;;;;;;;;;;;;;;;;;;;;;;;;;;;;;;;;;;;;;;;;;;;;;;
Kazakhstan;KAZ;People using safely managed sanitation services, urban (% of urban population);SH.STA.SMSS.UR.ZS;;;;;;;;;;;;;;;;;;;;;;;;;;;;;;;;;;;;;;;;;89,92763155;89,83320975;89,58047202;89,24176401;88,9039341;88,57547103;88,24782165;87,9209862;87,59496494;87,26975813;86,945366;86,62178882;86,29902684;85,97708031;85,65594949;85,33563462;85,01613596;84,69745376;84,60989632;84,52233888;84,43478144;84,347224;84,25966656;;
Kenya;KEN;People using safely managed sanitation services, urban (% of urban population);SH.STA.SMSS.UR.ZS;;;;;;;;;;;;;;;;;;;;;;;;;;;;;;;;;;;;;;;;;20,29300172;20,59023863;21,01717985;21,44781255;21,88213674;22,32015242;22,76185958;23,20725822;23,50881038;23,81229803;24,11772117;24,4250798;24,73437392;25,04560353;25,35876863;25,67386922;25,99090531;26,30987688;26,63078395;26,9536265;27,27840455;27,60511808;27,93376711;;
Kyrgyz Republic;KGZ;People using safely managed sanitation services, urban (% of urban population);SH.STA.SMSS.UR.ZS;;;;;;;;;;;;;;;;;;;;;;;;;;;;;;;;;;;;;;;;;77,50498921;77,76989347;78,12631938;78,48053146;78,8325297;79,27615355;79,71838739;80,15922334;80,59865352;81,03667008;81,47326513;81,90843081;82,34215925;82,77444257;83,20527291;83,63464239;84,06254314;84,48896729;84,91390697;85,33735432;85,75930145;86,00779852;86,25629558;;
Cambodia;KHM;People using safely managed sanitation services, urban (% of urban population);SH.STA.SMSS.UR.ZS;;;;;;;;;;;;;;;;;;;;;;;;;;;;;;;;;;;;;;;;;27,31702832;28,68235188;30,05487874;30,72555427;31,39949201;32,07669197;32,75715415;33,44087854;34,12786515;34,81811397;35,51162502;36,20839828;36,90843375;37,61173144;38,31829135;39,02811347;39,78195452;40,63890715;41,49987366;42,36485406;43,23384834;44,1068565;44,70230636;;
Kiribati;KIR;People using safely managed sanitation services, urban (% of urban population);SH.STA.SMSS.UR.ZS;;;;;;;;;;;;;;;;;;;;;;;;;;;;;;;;;;;;;;;;;22,33595885;22,72580452;23,11565019;23,50549586;23,89534153;24,22638799;24,55743445;24,88848091;24,90222857;24,90764612;24,90473357;24,89349092;24,87391816;24,84601529;24,80978233;24,76521925;24,71232608;24,6511028;24,58154941;24,50366592;24,41745233;24,32290863;24,59564436;;
St. Kitts and Nevis;KNA;People using safely managed sanitation services, urban (% of urban population);SH.STA.SMSS.UR.ZS;;;;;;;;;;;;;;;;;;;;;;;;;;;;;;;;;;;;;;;;;;;;;;;;;;;;;;;;;;;;;;;;;
Korea, Rep.;KOR;People using safely managed sanitation services, urban (% of urban population);SH.STA.SMSS.UR.ZS;;;;;;;;;;;;;;;;;;;;;;;;;;;;;;;;;;;;;;;;;;;;;;;;;;;;;;;;;;;;;;;;;
Kuwait;KWT;People using safely managed sanitation services, urban (% of urban population);SH.STA.SMSS.UR.ZS;;;;;;;;;;;;;;;;;;;;;;;;;;;;;;;;;;;;;;;;;99,9983609;99,9983609;99,9983609;99,9983609;99,99837511;99,99838932;99,99840353;99,99841775;99,99843196;99,99844617;99,99846038;99,99847459;99,99848881;99,99850302;99,99851723;99,99853144;99,99854565;99,99855986;99,99857408;99,99858829;99,9986025;99,99861671;99,99863092;;
Latin America & Caribbean (excluding high income);LAC;People using safely managed sanitation services, urban (% of urban population);SH.STA.SMSS.UR.ZS;;;;;;;;;;;;;;;;;;;;;;;;;;;;;;;;;;;;;;;;;30,88645103;31,15551727;31,41618209;32,1583273;32,90891768;33,66495839;34,42945467;35,20045238;35,97945446;36,7676522;37,56455038;38,37155686;39,4216458;40,48842969;41,57220688;42,67098498;43,78029638;44,89182546;46,00507557;47,11638955;48,14571373;49,20943356;49,92069252;;
Lao PDR;LAO;People using safely managed sanitation services, urban (% of urban population);SH.STA.SMSS.UR.ZS;;;;;;;;;;;;;;;;;;;;;;;;;;;;;;;;;;;;;;;;;45,86730149;47,16233096;48,00709864;48,85186633;49,69663402;50,64805349;51,60303818;52,56158812;53,52370328;54,48938368;55,45862932;56,43144019;57,40781629;58,38775763;59,3712642;60,35833601;61,34897305;62,34317532;63,34094283;63,3336433;63,3336433;63,3336433;63,3336433;;
Lebanon;LBN;People using safely managed sanitation services, urban (% of urban population);SH.STA.SMSS.UR.ZS;;;;;;;;;;;;;;;;;;;;;;;;;;;;;;;;;;;;;;;;;;;;;;;;;;;;;;;;;;;;;;;;;
Liberia;LBR;People using safely managed sanitation services, urban (% of urban population);SH.STA.SMSS.UR.ZS;;;;;;;;;;;;;;;;;;;;;;;;;;;;;;;;;;;;;;;;;;;;;;;;;;;;;;;;;;;;;;;;;
Libya;LBY;People using safely managed sanitation services, urban (% of urban population);SH.STA.SMSS.UR.ZS;;;;;;;;;;;;;;;;;;;;;;;;;;;;;;;;;;;;;;;;;;;;;;;;;;;;;;;;;;;;;;;;;
St. Lucia;LCA;People using safely managed sanitation services, urban (% of urban population);SH.STA.SMSS.UR.ZS;;;;;;;;;;;;;;;;;;;;;;;;;;;;;;;;;;;;;;;;;;;;;;;;;;;;;;;;;;;;;;;;;
Latin America & Caribbean;LCN;People using safely managed sanitation services, urban (% of urban population);SH.STA.SMSS.UR.ZS;;;;;;;;;;;;;;;;;;;;;;;;;;;;;;;;;;;;;;;;;31,97177323;32,20858529;32,43175434;33,07417708;33,78956867;34,51326386;35,24644675;35,98717789;36,7364593;37,50008148;38,27643866;39,08107366;40,09874787;41,13171713;42,18117397;43,24462178;44,30396573;45,33950601;46,39218921;47,45499774;48,39972491;49,39770739;50,07409002;;
Least developed countries: UN classification;LDC;People using safely managed sanitation services, urban (% of urban population);SH.STA.SMSS.UR.ZS;;;;;;;;;;;;;;;;;;;;;;;;;;;;;;;;;;;;;;;;;24,95394459;25,20898023;25,37536263;25,50804136;25,64766262;25,74530052;25,86749705;25,96942664;26,09199122;26,14868858;26,19286861;26,23412447;26,27070167;26,31788711;26,36655896;26,47142583;26,55765248;26,64468347;26,73562845;26,82599568;26,95165418;27,03062914;27,100153;;
Low income;LIC;People using safely managed sanitation services, urban (% of urban population);SH.STA.SMSS.UR.ZS;;;;;;;;;;;;;;;;;;;;;;;;;;;;;;;;;;;;;;;;;26,72279156;26,72702063;26,7400443;26,90389951;27,18841919;27,54877325;27,99503744;28,49804641;28,92179644;29,23464589;29,54073646;29,53433385;29,64558813;29,64717053;29,61587281;29,79203966;30,0013899;30,2307041;30,44228886;30,73430845;30,84191626;32,94169159;33,01458383;;
Liechtenstein;LIE;People using safely managed sanitation services, urban (% of urban population);SH.STA.SMSS.UR.ZS;;;;;;;;;;;;;;;;;;;;;;;;;;;;;;;;;;;;;;;;;;;;;;;;;;;;;;;;;;;;;;;;;
Sri Lanka;LKA;People using safely managed sanitation services, urban (% of urban population);SH.STA.SMSS.UR.ZS;;;;;;;;;;;;;;;;;;;;;;;;;;;;;;;;;;;;;;;;;;;;;;;;;;;;;;;;;;;;;;;;;
Lower middle income;LMC;People using safely managed sanitation services, urban (% of urban population);SH.STA.SMSS.UR.ZS;;;;;;;;;;;;;;;;;;;;;;;;;;;;;;;;;;;;;;;;;32,35907435;32,73116909;33,19749768;33,67746559;34,21128369;34,59311752;34,99909562;35,53839239;36,0739636;36,69466716;37,31644129;37,97356072;38,62390655;39,29088205;39,98604742;40,68406796;41,36376964;42,02761502;42,67515133;43,24419668;43,81638385;44,36684485;44,88224536;;
Low & middle income;LMY;People using safely managed sanitation services, urban (% of urban population);SH.STA.SMSS.UR.ZS;;;;;;;;;;;;;;;;;;;;;;;;;;;;;;;;;;;;;;;;;33,68052846;33,87532828;34,09091007;35,07706883;36,14428176;37,19080588;38,27242216;39,43934428;40,62028597;41,8461392;43,09279089;44,3523605;45,67903227;47,02846066;48,40008703;49,79633037;51,19340791;52,59548595;53,98574577;55,33955704;55,86076086;56,49070605;56,92414289;;
Lesotho;LSO;People using safely managed sanitation services, urban (% of urban population);SH.STA.SMSS.UR.ZS;;;;;;;;;;;;;;;;;;;;;;;;;;;;;;;;;;;;;;;;;16,69046936;17,92189064;19,15331192;20,33871071;21,51854915;22,68009859;23,83614556;24,98669005;26,13173206;27,27127159;28,40530865;29,53384322;30,65687532;31,77440494;32,88643208;33,99295675;35,09397893;36,18949864;37,27951587;38,36403062;39,44304289;39,44304289;39,44304289;;
Late-demographic dividend;LTE;People using safely managed sanitation services, urban (% of urban population);SH.STA.SMSS.UR.ZS;;;;;;;;;;;;;;;;;;;;;;;;;;;;;;;;;;;;;;;;;36,20983346;36,26156263;36,29429088;37,91378964;39,62305739;41,39617985;43,22361863;45,12545487;47,0758646;49,0600914;51,07876278;53,15165135;55,34976248;57,58917537;59,86503114;62,17716273;64,51081412;66,85041212;69,20719036;71,58952079;72,04335656;72,48847033;72,83026997;;
Lithuania;LTU;People using safely managed sanitation services, urban (% of urban population);SH.STA.SMSS.UR.ZS;;;;;;;;;;;;;;;;;;;;;;;;;;;;;;;;;;;;;;;;;88,87921081;89,01045371;89,1416966;89,2729395;89,4041824;89,53542529;89,66666819;89,79791109;89,92915399;90,08789878;90,25135478;91,06750224;91,8862109;92,71278311;93,54201453;94,37390751;95,2084644;96,04568752;96,74997195;96,93988861;97,12992065;97,3200681;97,50754504;;
Luxembourg;LUX;People using safely managed sanitation services, urban (% of urban population);SH.STA.SMSS.UR.ZS;;;;;;;;;;;;;;;;;;;;;;;;;;;;;;;;;;;;;;;;;93,32910535;93,32910535;93,32910535;93,32910535;93,32823531;93,32701724;93,32579918;93,32458112;93,32336306;93,322145;93,32092694;93,31970888;93,31849082;93,62816345;93,93884761;94,25015204;94,56196788;94,87429515;95,1877456;95,50170837;95,81618347;96,1311709;96,44667065;;
Latvia;LVA;People using safely managed sanitation services, urban (% of urban population);SH.STA.SMSS.UR.ZS;;;;;;;;;;;;;;;;;;;;;;;;;;;;;;;;;;;;;;;;;;;;;;;;;;;;;;;;;;;;;;;;;
Macao SAR, China;MAC;People using safely managed sanitation services, urban (% of urban population);SH.STA.SMSS.UR.ZS;;;;;;;;;;;;;;;;;;;;;;;;;;;;;;;;;;;;;;;;;55,03077515;55,03077515;55,03077515;55,03077515;55,03077515;55,03077515;55,03077515;55,03077515;55,03077515;55,03077515;56,03780089;57,04482663;58,05185237;59,05887811;60,06590385;61,07292958;62,07995532;63,08698106;64,0940068;65,10103254;66,10805828;67,11508402;68,12210975;;
St. Martin (French part);MAF;People using safely managed sanitation services, urban (% of urban population);SH.STA.SMSS.UR.ZS;;;;;;;;;;;;;;;;;;;;;;;;;;;;;;;;;;;;;;;;;;;;;;;;;;;;;;;;;;;;;;;;;
Morocco;MAR;People using safely managed sanitation services, urban (% of urban population);SH.STA.SMSS.UR.ZS;;;;;;;;;;;;;;;;;;;;;;;;;;;;;;;;;;;;;;;;;32,22530457;32,1226866;32,24379906;32,36347749;32,4817219;32,59853229;32,71390866;32,827851;32,94035932;33,05143361;33,16107388;33,26928013;33,37605235;33,48139056;33,58529473;33,68776489;33,78880102;33,88840313;33,98657121;34,19746556;34,42727514;34,42766435;34,42766435;;
Monaco;MCO;People using safely managed sanitation services, urban (% of urban population);SH.STA.SMSS.UR.ZS;;;;;;;;;;;;;;;;;;;;;;;;;;;;;;;;;;;;;;;;;100;100;100;100;100;100;100;100;100;100;100;100;100;100;100;100;100;100;100;100;100;100;100;;
Moldova;MDA;People using safely managed sanitation services, urban (% of urban population);SH.STA.SMSS.UR.ZS;;;;;;;;;;;;;;;;;;;;;;;;;;;;;;;;;;;;;;;;;69,73153504;70,36936148;71,00889971;71,6501497;72,31591703;72,98380288;73,65380885;74,32593658;75,00018768;75,67656377;76,35506647;77,0356974;77,71845818;78,40335044;79,09037578;79,77953584;80,47083223;81,16426657;81,85984048;82,55755558;83,25741349;83,95941583;84,63701542;;
Madagascar;MDG;People using safely managed sanitation services, urban (% of urban population);SH.STA.SMSS.UR.ZS;;;;;;;;;;;;;;;;;;;;;;;;;;;;;;;;;;;;;;;;;7,114022037;7,519513925;7,925005813;8,337927644;8,751572789;9,165941247;9,58103302;9,996848106;10,41338651;10,83064822;11,24863325;11,66734159;12,08677324;12,50692821;12,92780649;13,34940809;13,771733;14,19478122;14,61855276;15,04304761;15,46826578;15,89420725;16,32087205;;
Maldives;MDV;People using safely managed sanitation services, urban (% of urban population);SH.STA.SMSS.UR.ZS;;;;;;;;;;;;;;;;;;;;;;;;;;;;;;;;;;;;;;;;;;;;;;;;;;;;;;;;;;;;;;;;;
Middle East, North Africa, Afghanistan & Pakistan;MEA;People using safely managed sanitation services, urban (% of urban population);SH.STA.SMSS.UR.ZS;;;;;;;;;;;;;;;;;;;;;;;;;;;;;;;;;;;;;;;;;63,94041419;64,13242962;64,31555089;64,50913038;64,84223788;65,09064443;65,50413523;66,0097357;66,41831723;66,75612985;67,0173447;67,26053432;67,43145606;67,59189434;67,80805328;68,17114465;68,53606262;68,88699935;69,20076154;69,47677348;69,67404859;69,63710415;69,68052181;;
Mexico;MEX;People using safely managed sanitation services, urban (% of urban population);SH.STA.SMSS.UR.ZS;;;;;;;;;;;;;;;;;;;;;;;;;;;;;;;;;;;;;;;;;17,55921809;17,584589;17,60997792;19,76008563;21,93380025;24,13117084;26,35224648;28,59707625;30,86570921;33,15819443;35,47458098;37,81491795;40,17925439;42,56763939;44,98012201;47,41675133;49,87757641;52,36264633;54,87201017;57,40571698;59,96381586;62,54635585;65,08604847;;
Marshall Islands;MHL;People using safely managed sanitation services, urban (% of urban population);SH.STA.SMSS.UR.ZS;;;;;;;;;;;;;;;;;;;;;;;;;;;;;;;;;;;;;;;;;;;;;;;;;;;;;;;;;;;;;;;;;
Middle income;MIC;People using safely managed sanitation services, urban (% of urban population);SH.STA.SMSS.UR.ZS;;;;;;;;;;;;;;;;;;;;;;;;;;;;;;;;;;;;;;;;;32,47650472;32,73497581;33,03369231;34,28653505;35,63099606;36,92616419;38,25148269;39,64646089;41,06051618;42,53890104;44,04163474;45,58071479;47,18002052;48,81385891;50,47119081;52,14139461;53,8194641;55,51417616;57,20601367;58,85933742;59,50596341;60,11637622;60,65788196;;
North Macedonia;MKD;People using safely managed sanitation services, urban (% of urban population);SH.STA.SMSS.UR.ZS;;;;;;;;;;;;;;;;;;;;;;;;;;;;;;;;;;;;;;;;;10,13902383;10,13902383;10,13902383;10,13902383;10,13902383;10,01413324;9,888530371;9,762215221;9,635187792;9,507448083;9,378996094;9,249831825;9,119955277;8,989366448;8,85806534;8,726051953;8,593326285;8,459888338;8,18066833;8,149398657;8,168227417;8,187056176;8,187056176;;
Mali;MLI;People using safely managed sanitation services, urban (% of urban population);SH.STA.SMSS.UR.ZS;;;;;;;;;;;;;;;;;;;;;;;;;;;;;;;;;;;;;;;;;5,401223407;5,513551476;5,626619007;5,740425999;5,854972453;5,970258369;6,086283747;6,203048586;6,320552888;6,406310156;6,491868221;6,577227084;6,662386744;6,747347201;6,832108456;6,916670509;7,001033359;7,085197006;7,169161451;7,252926693;7,336492732;7,419859569;7,503027204;;
Malta;MLT;People using safely managed sanitation services, urban (% of urban population);SH.STA.SMSS.UR.ZS;;;;;;;;;;;;;;;;;;;;;;;;;;;;;;;;;;;;;;;;;;;;;;;;;;;;;;;;;;;;;;;;;
Myanmar;MMR;People using safely managed sanitation services, urban (% of urban population);SH.STA.SMSS.UR.ZS;;;;;;;;;;;;;;;;;;;;;;;;;;;;;;;;;;;;;;;;;66,38656213;66,59282658;65,98826463;65,38370267;64,77914072;64,17457876;63,57001681;62,96545486;62,3608929;61,59824374;60,83868975;60,08223095;59,32886733;58,57859889;57,83142563;57,08734755;56,34636466;55,60847694;54,87368441;54,14198705;53,41338488;52,68787789;52,68787789;;
Middle East, North Africa, Afghanistan & Pakistan (excluding high income);MNA;People using safely managed sanitation services, urban (% of urban population);SH.STA.SMSS.UR.ZS;;;;;;;;;;;;;;;;;;;;;;;;;;;;;;;;;;;;;;;;;;;;;;;;;;;;;;;;;;;;;;;;;
Montenegro;MNE;People using safely managed sanitation services, urban (% of urban population);SH.STA.SMSS.UR.ZS;;;;;;;;;;;;;;;;;;;;;;;;;;;;;;;;;;;;;;;;;;;;;;;19,61326447;22,71833322;25,7891104;28,8253496;31,82680443;34,79322849;37,72437539;40,61999873;43,47985212;46,30368917;49,09126347;51,84232864;54,55237425;56,82464929;59,05742921;61,57929222;64,10115523;;
Mongolia;MNG;People using safely managed sanitation services, urban (% of urban population);SH.STA.SMSS.UR.ZS;;;;;;;;;;;;;;;;;;;;;;;;;;;;;;;;;;;;;;;;;56,11748299;56,17700282;56,22007939;56,26315596;57,07312694;57,88427134;58,69658915;59,51008037;60,324745;61,14058305;61,9575945;62,77577937;63,59513764;64,41566933;65,23737443;66,06025294;66,88430486;67,70953019;68,53592893;69,36350109;70,19224665;70,24529722;70,29834779;;
Northern Mariana Islands;MNP;People using safely managed sanitation services, urban (% of urban population);SH.STA.SMSS.UR.ZS;;;;;;;;;;;;;;;;;;;;;;;;;;;;;;;;;;;;;;;;;;;;;;;;;;;;;;;;;;;;;;;;;
Mozambique;MOZ;People using safely managed sanitation services, urban (% of urban population);SH.STA.SMSS.UR.ZS;;;;;;;;;;;;;;;;;;;;;;;;;;;;;;;;;;;;;;;;;;;;;;;;;;;;;;;;;;;;;;;;;
Mauritania;MRT;People using safely managed sanitation services, urban (% of urban population);SH.STA.SMSS.UR.ZS;;;;;;;;;;;;;;;;;;;;;;;;;;;;;;;;;;;;;;;;;;;;;;;;;;;;;;;;;;;;;;;;;
Mauritius;MUS;People using safely managed sanitation services, urban (% of urban population);SH.STA.SMSS.UR.ZS;;;;;;;;;;;;;;;;;;;;;;;;;;;;;;;;;;;;;;;;;;;;;;;;;;;;;;;;;;;;;;;;;
Malawi;MWI;People using safely managed sanitation services, urban (% of urban population);SH.STA.SMSS.UR.ZS;;;;;;;;;;;;;;;;;;;;;;;;;;;;;;;;;;;;;;;;;18,40089558;18,37370367;18,31914662;18,26466902;18,21027088;19,52446397;20,83405578;22,1390463;23,43943554;24,7352235;26,02641017;27,31299555;28,59497965;29,87236247;31,145144;32,41332425;33,67690321;34,93588089;36,19025728;37,44003239;38,68520621;39,92577875;41,16175;;
Malaysia;MYS;People using safely managed sanitation services, urban (% of urban population);SH.STA.SMSS.UR.ZS;;;;;;;;;;;;;;;;;;;;;;;;;;;;;;;;;;;;;;;;;;;;;;;;;;;;;;;;;;;;;;;;;
North America;NAC;People using safely managed sanitation services, urban (% of urban population);SH.STA.SMSS.UR.ZS;;;;;;;;;;;;;;;;;;;;;;;;;;;;;;;;;;;;;;;;;94,45519228;94,51384649;94,57664806;94,68466267;94,79327154;94,90137551;95,00683437;95,10438384;95,20055034;95,29527872;95,3853794;95,47680638;95,57065607;95,66448782;95,75952263;95,79343831;95,82565362;95,85587315;95,88453681;95,9127822;95,89824967;95,88486793;95,87921197;;
Namibia;NAM;People using safely managed sanitation services, urban (% of urban population);SH.STA.SMSS.UR.ZS;;;;;;;;;;;;;;;;;;;;;;;;;;;;;;;;;;;;;;;;;;;;;;;;;;;;;;;;;;;;;;;;;
New Caledonia;NCL;People using safely managed sanitation services, urban (% of urban population);SH.STA.SMSS.UR.ZS;;;;;;;;;;;;;;;;;;;;;;;;;;;;;;;;;;;;;;;;;;;;;;;;;;;;;;;;;;;;;;;;;
Niger;NER;People using safely managed sanitation services, urban (% of urban population);SH.STA.SMSS.UR.ZS;;;;;;;;;;;;;;;;;;;;;;;;;;;;;;;;;;;;;;;;;11,06057873;11,50760271;11,95462669;12,40165067;12,6687545;13,07215741;13,48118902;13,89584932;14,31613831;14,74205601;15,17360239;15,61077748;16,05358126;16,50201373;16,95607491;17,41576477;17,88108334;18,3520306;18,82860655;19,3108112;19,79864455;20,29210659;20,60705434;;
Nigeria;NGA;People using safely managed sanitation services, urban (% of urban population);SH.STA.SMSS.UR.ZS;;;;;;;;;;;;;;;;;;;;;;;;;;;;;;;;;;;;;;;;;17,99319427;18,13434144;18,94107125;19,73862611;20,54514103;21,36061601;22,18505105;23,01844615;23,86080132;24,71211655;25,57239184;26,44162719;27,3198226;28,20697808;29,10309361;30,00816921;30,92220487;31,84520059;32,77715638;33,71807222;34,66794813;35,6267841;36,59458013;;
Nicaragua;NIC;People using safely managed sanitation services, urban (% of urban population);SH.STA.SMSS.UR.ZS;;;;;;;;;;;;;;;;;;;;;;;;;;;;;;;;;;;;;;;;;;;;;;;;;;;;;;;;;;;;;;;;;
Netherlands;NLD;People using safely managed sanitation services, urban (% of urban population);SH.STA.SMSS.UR.ZS;;;;;;;;;;;;;;;;;;;;;;;;;;;;;;;;;;;;;;;;;97,44690559;97,44690559;97,44690559;97,44690559;97,45020398;97,45350237;97,45680076;97,46009916;97,46339755;97,46669594;97,46999433;97,47329272;97,47659111;97,47988951;97,4831879;97,48648629;97,48978468;97,49308307;97,49638146;97,49967985;97,5;97,5;97,5;;
Norway;NOR;People using safely managed sanitation services, urban (% of urban population);SH.STA.SMSS.UR.ZS;;;;;;;;;;;;;;;;;;;;;;;;;;;;;;;;;;;;;;;;;;;;;;;;;;;;;;;;;;;;;;;;;
Nepal;NPL;People using safely managed sanitation services, urban (% of urban population);SH.STA.SMSS.UR.ZS;;;;;;;;;;;;;;;;;;;;;;;;;;;;;;;;;;;;;;;;;16,52530365;17,76256754;18,84363536;19,95199471;21,08764559;22,250588;23,44082195;24,65834742;25,90316442;27,17527296;28,47467302;29,80136462;31,15534775;32,53662241;33,9451886;35,38104632;36,84419557;38,33463635;39,85236866;41,39739251;42,96970788;44,56931479;44,56931479;;
Nauru;NRU;People using safely managed sanitation services, urban (% of urban population);SH.STA.SMSS.UR.ZS;;;;;;;;;;;;;;;;;;;;;;;;;;;;;;;;;;;;;;;;;;;;;;;;;;;;;;;;;;;;;;;;;
New Zealand;NZL;People using safely managed sanitation services, urban (% of urban population);SH.STA.SMSS.UR.ZS;;;;;;;;;;;;;;;;;;;;;;;;;;;;;;;;;;;;;;;;;;;;;;;;;;;;;;;;;;;;;;;;;
OECD members;OED;People using safely managed sanitation services, urban (% of urban population);SH.STA.SMSS.UR.ZS;;;;;;;;;;;;;;;;;;;;;;;;;;;;;;;;;;;;;;;;;75,93445541;75,85189516;75,78533061;75,9934127;76,41174447;76,84523701;77,29465771;77,76492272;78,22378651;78,69000288;79,16623128;79,6318403;80,15030948;80,68523394;81,24454371;81,80724911;82,36773396;82,88006538;83,36188766;83,8259716;84,28777332;84,7568055;85,25548536;;
Oman;OMN;People using safely managed sanitation services, urban (% of urban population);SH.STA.SMSS.UR.ZS;;;;;;;;;;;;;;;;;;;;;;;;;;;;;;;;;;;;;;;;;;;;;;;;;;;;;;;;;;;;;;;;;
Other small states;OSS;People using safely managed sanitation services, urban (% of urban population);SH.STA.SMSS.UR.ZS;;;;;;;;;;;;;;;;;;;;;;;;;;;;;;;;;;;;;;;;;;;;;;;;;;;;;;;;;;;;;;;;;
Pakistan;PAK;People using safely managed sanitation services, urban (% of urban population);SH.STA.SMSS.UR.ZS;;;;;;;;;;;;;;;;;;;;;;;;;;;;;;;;;;;;;;;;;;;;;;;;;;;;;;;;;;;;;;;;;
Panama;PAN;People using safely managed sanitation services, urban (% of urban population);SH.STA.SMSS.UR.ZS;;;;;;;;;;;;;;;;;;;;;;;;;;;;;;;;;;;;;;;;;11,43488467;11,44122206;11,5220549;11,60297021;11,68396801;11,76504829;11,84621105;11,9274563;12,00878402;12,09019423;12,17168691;15,37273766;18,62052906;21,91521665;25,25695601;28,64590269;32,08221225;35,56604026;39,09754227;42,67687385;46,30419054;49,97964793;49,97964793;;
Peru;PER;People using safely managed sanitation services, urban (% of urban population);SH.STA.SMSS.UR.ZS;;;;;;;;;;;;;;;;;;;;;;;;;;;;;;;;;;;;;;;;;10,84634889;12,86602675;14,91320422;16,98787816;19,09004543;21,21970289;23,37684742;25,56147586;27,77358509;30,01317196;32,28023335;34,57476611;36,89676711;39,24623321;41,62316127;44,02754815;46,45939073;48,91868586;51,4054304;53,91962123;56,46125519;59,03032916;61,62684;;
Philippines;PHL;People using safely managed sanitation services, urban (% of urban population);SH.STA.SMSS.UR.ZS;;;;;;;;;;;;;;;;;;;;;;;;;;;;;;;;;;;;;;;;;47,61410683;47,70671244;47,79931805;47,89192366;47,98452927;48,07713489;48,1697405;48,47110248;48,77326558;49,0762298;49,37999515;49,89163607;50,44902555;51,00933381;51,57256088;52,13870673;52,70777138;53,27975483;53,85465706;54,4324781;55,01321792;55,59687654;56,18345396;;
Palau;PLW;People using safely managed sanitation services, urban (% of urban population);SH.STA.SMSS.UR.ZS;;;;;;;;;;;;;;;;;;;;;;;;;;;;;;;;;;;;;;;;;;;;;;;;;;;;;;;;;;;;;;;;;
Papua New Guinea;PNG;People using safely managed sanitation services, urban (% of urban population);SH.STA.SMSS.UR.ZS;;;;;;;;;;;;;;;;;;;;;;;;;;;;;;;;;;;;;;;;;31,50081878;31,50081878;31,50081878;31,50081878;31,50081878;31,15715303;30,81348727;30,46982152;30,12615577;29,97525212;29,82472733;29,6745814;29,52481432;29,37542611;29,22641674;29,07778624;28,92953459;28,7816618;28,63416787;28,48705279;28,34031657;28,34031657;28,34031657;;
Poland;POL;People using safely managed sanitation services, urban (% of urban population);SH.STA.SMSS.UR.ZS;;;;;;;;;;;;;;;;;;;;;;;;;;;;;;;;;;;;;;;;;;;;;;;;;;;;;;;;;;;;;;;;;
Pre-demographic dividend;PRE;People using safely managed sanitation services, urban (% of urban population);SH.STA.SMSS.UR.ZS;;;;;;;;;;;;;;;;;;;;;;;;;;;;;;;;;;;;;;;;;18,05049962;18,310795;18,79304123;19,27498989;19,75352626;20,2749579;20,79659766;21,27425323;21,82526265;22,34559749;22,84979002;23,35952172;23,8796772;24,49885719;25,10706818;25,70635252;26,30332595;26,8980084;27,47991581;28,02005142;28,58848066;29,03607542;29,45726714;;
Puerto Rico (US);PRI;People using safely managed sanitation services, urban (% of urban population);SH.STA.SMSS.UR.ZS;;;;;;;;;;;;;;;;;;;;;;;;;;;;;;;;;;;;;;;;;;;;;;;;;;;;;;;;;;;;;;;;;
Korea, Dem. People's Rep.;PRK;People using safely managed sanitation services, urban (% of urban population);SH.STA.SMSS.UR.ZS;;;;;;;;;;;;;;;;;;;;;;;;;;;;;;;;;;;;;;;;;;;;;;;;;;;;;;;;;;;;;;;;;
Portugal;PRT;People using safely managed sanitation services, urban (% of urban population);SH.STA.SMSS.UR.ZS;;;;;;;;;;;;;;;;;;;;;;;;;;;;;;;;;;;;;;;;;55,75637174;55,7913609;55,82635006;55,86133922;58,31845684;60,80002644;63,30604802;65,8365216;68,39144715;70,97082469;73,57465422;76,20293574;78,85566923;81,53285472;84,23449219;86,96058164;89,71112308;92,48611651;95,0561434;95,27344086;95,46447332;95,62607415;95,88609034;;
Paraguay;PRY;People using safely managed sanitation services, urban (% of urban population);SH.STA.SMSS.UR.ZS;;;;;;;;;;;;;;;;;;;;;;;;;;;;;;;;;;;;;;;;;50,33510228;50,46005452;50,59401196;50,72801389;50,86206031;50,99615121;51,13028661;51,26446649;51,39869086;51,53295972;51,66727306;51,8016309;51,93603322;52,07048003;52,20497133;52,33950712;52,47408739;52,60871216;52,74338141;52,8687118;52,9940422;52,88757395;52,95308591;;
West Bank and Gaza;PSE;People using safely managed sanitation services, urban (% of urban population);SH.STA.SMSS.UR.ZS;;;;;;;;;;;;;;;;;;;;;;;;;;;;;;;;;;;;;;;;;55,58497687;55,59036695;55,59575703;55,60114711;55,83212202;56,06314066;56,34232113;57,43473297;58,53406372;59,64031337;60,75348192;61,87356937;63,00057572;64,13450097;65,27534513;66,42310818;67,57779013;68,73939099;69,90791075;71,0833494;72,26570696;73,45498342;74,64877752;;
Pacific island small states;PSS;People using safely managed sanitation services, urban (% of urban population);SH.STA.SMSS.UR.ZS;;;;;;;;;;;;;;;;;;;;;;;;;;;;;;;;;;;;;;;;;39,83985188;39,86026192;39,89028334;40,05998908;40,22963218;40,35533816;40,36738464;40,36634407;40,33663225;40,29941264;40,25421536;40,15659144;40,04155788;39,92676331;39,81108728;;;;;;;;;;
Post-demographic dividend;PST;People using safely managed sanitation services, urban (% of urban population);SH.STA.SMSS.UR.ZS;;;;;;;;;;;;;;;;;;;;;;;;;;;;;;;;;;;;;;;;;87,7055947;87,82572392;87,96599895;88,11211526;88,3069206;88,50332855;88,69516595;88,8800353;89,06817838;89,40745528;89,75243568;90,08020922;90,41765009;90,7514741;91,11461507;91,44072879;91,7625538;92,09057168;92,38583408;92,50399727;92,58738089;92,66796439;92,82798546;;
French Polynesia;PYF;People using safely managed sanitation services, urban (% of urban population);SH.STA.SMSS.UR.ZS;;;;;;;;;;;;;;;;;;;;;;;;;;;;;;;;;;;;;;;;;;;;;;;;;;;;;;;;;;;;;;;;;
Qatar;QAT;People using safely managed sanitation services, urban (% of urban population);SH.STA.SMSS.UR.ZS;;;;;;;;;;;;;;;;;;;;;;;;;;;;;;;;;;;;;;;;;;;;;;;;;;;;;;;;;;;;;;;;;
Romania;ROU;People using safely managed sanitation services, urban (% of urban population);SH.STA.SMSS.UR.ZS;;;;;;;;;;;;;;;;;;;;;;;;;;;;;;;;;;;;;;;;;;;;;;;;;;;;;;;;;;;;;;;;;
Russian Federation;RUS;People using safely managed sanitation services, urban (% of urban population);SH.STA.SMSS.UR.ZS;;;;;;;;;;;;;;;;;;;;;;;;;;;;;;;;;;;;;;;;;60,4308048;60,6211409;60,81207039;61,00359326;61,19570951;61,38841915;61,58172217;61,77561858;61,97010837;62,16519155;62,3608681;62,55713805;62,75400137;62,95145808;63,14950818;63,34815166;63,54738852;63,74721877;63,9476424;64,14865941;64,17837659;64,20809376;64,23781093;;
Rwanda;RWA;People using safely managed sanitation services, urban (% of urban population);SH.STA.SMSS.UR.ZS;;;;;;;;;;;;;;;;;;;;;;;;;;;;;;;;;;;;;;;;;;;;;;;;;;;;;;;;;;;;;;;;;
South Asia;SAS;People using safely managed sanitation services, urban (% of urban population);SH.STA.SMSS.UR.ZS;;;;;;;;;;;;;;;;;;;;;;;;;;;;;;;;;;;;;;;;;21,24688536;21,92007558;22,76363465;23,61797393;24,49500882;25,1260493;25,76185998;26,63675008;27,52382404;28,42350339;29,3356103;30,25992139;31,19708395;32,1479848;33,114643;34,09669247;35,08964204;36,09432969;37,11250303;38,14460767;39,19031063;40,24992079;41,3265675;;
Saudi Arabia;SAU;People using safely managed sanitation services, urban (% of urban population);SH.STA.SMSS.UR.ZS;;;;;;;;;;;;;;;;;;;;;;;;;;;;;;;;;;;;;;;;;82,35041735;82,35041735;82,35041735;82,35041735;82,35041735;82,35041735;82,35041735;82,35041735;82,35041735;82,35041735;82,35041735;82,35041735;82,35041735;82,35041735;82,35041735;82,35041735;82,35041735;82,35041735;82,35041735;82,35041735;82,35041735;82,35041735;82,35041735;;
Sudan;SDN;People using safely managed sanitation services, urban (% of urban population);SH.STA.SMSS.UR.ZS;;;;;;;;;;;;;;;;;;;;;;;;;;;;;;;;;;;;;;;;;;;;;;;;;;;;;;;;;;;;;;;;;
Senegal;SEN;People using safely managed sanitation services, urban (% of urban population);SH.STA.SMSS.UR.ZS;;;;;;;;;;;;;;;;;;;;;;;;;;;;;;;;;;;;;;;;;19,67976474;19,79645009;19,88009053;19,96334369;20,0462096;20,12868823;20,21077959;20,29248369;20,37380052;20,45473009;19,89942277;19,33506873;18,76172265;18,17943921;17,5882731;16,98827899;16,37951157;15,76202553;15,13587554;14,50111629;13,85780246;13,88846283;13,91893644;;
Singapore;SGP;People using safely managed sanitation services, urban (% of urban population);SH.STA.SMSS.UR.ZS;;;;;;;;;;;;;;;;;;;;;;;;;;;;;;;;;;;;;;;;;100;100;100;100;100;100;100;100;100;100;100;100;100;100;100;100;100;100;100;100;100;100;100;;
Solomon Islands;SLB;People using safely managed sanitation services, urban (% of urban population);SH.STA.SMSS.UR.ZS;;;;;;;;;;;;;;;;;;;;;;;;;;;;;;;;;;;;;;;;;;;;;;;;;;;;;;;;;;;;;;;;;
Sierra Leone;SLE;People using safely managed sanitation services, urban (% of urban population);SH.STA.SMSS.UR.ZS;;;;;;;;;;;;;;;;;;;;;;;;;;;;;;;;;;;;;;;;;9,839938796;10,00564964;10,17136049;10,33707133;10,81614579;11,30475141;11,80288819;12,31055614;12,82775525;13,35448552;13,89074696;14,43653956;14,99186332;15,55671825;16,13110433;16,71502159;17,54194509;18,37282812;19,16513391;19,97636145;20,80664758;21,65612915;22,52494298;;
El Salvador;SLV;People using safely managed sanitation services, urban (% of urban population);SH.STA.SMSS.UR.ZS;;;;;;;;;;;;;;;;;;;;;;;;;;;;;;;;;;;;;;;;;18,44324606;18,44324606;18,44324606;18,3962242;18,34918148;18,30211791;18,25503347;18,20792819;18,16080204;18,11365504;18,06648718;18,01929847;17,9720889;17,92485848;17,8776072;17,83033506;17,78304206;17,73572821;17,68839351;17,64103794;17,59366152;17,52953025;17,39490778;;
San Marino;SMR;People using safely managed sanitation services, urban (% of urban population);SH.STA.SMSS.UR.ZS;;;;;;;;;;;;;;;;;;;;;;;;;;;;;;;;;;;;;;;;;;;;;;;;;;;;;;;;;;;;;;;;;
Somalia, Fed. Rep.;SOM;People using safely managed sanitation services, urban (% of urban population);SH.STA.SMSS.UR.ZS;;;;;;;;;;;;;;;;;;;;;;;;;;;;;;;;;;;;;;;;;34,14430393;34,40894663;34,67358933;34,93823203;35,20287473;35,72479763;36,24995323;36,77834152;37,30996251;37,8448162;38,38290258;38,92422166;39,46877344;40,01655791;40,56757508;41,12182494;41,6793075;42,24002275;42,8039707;43,37115135;43,94156469;44,51521073;44,51521073;;
Serbia;SRB;People using safely managed sanitation services, urban (% of urban population);SH.STA.SMSS.UR.ZS;;;;;;;;;;;;;;;;;;;;;;;;;;;;;;;;;;;;;;;;;27,12071865;27,14290198;27,16508531;27,18726864;27,20945197;27,19160035;27,02394708;26,85258662;26,67749209;26,49863653;26,31599288;26,11740091;25,7975424;25,47264263;25,14267047;24,8075947;24,46738403;24,12200709;23,77143244;23,383205;22,98279614;22,57850387;22,38268837;;
Sub-Saharan Africa (excluding high income);SSA;People using safely managed sanitation services, urban (% of urban population);SH.STA.SMSS.UR.ZS;;;;;;;;;;;;;;;;;;;;;;;;;;;;;;;;;;;;;;;;;24,65602258;24,68399188;24,94106587;25,20902727;25,4812734;25,76163324;26,06906754;26,36983016;26,70458571;27,00228071;27,29043674;27,66433465;28,04431841;28,43614198;28,82311442;29,22494337;29,56688627;29,89146476;30,24151178;30,57372461;30,93396717;31,25307768;31,56255956;;
South Sudan;SSD;People using safely managed sanitation services, urban (% of urban population);SH.STA.SMSS.UR.ZS;;;;;;;;;;;;;;;;;;;;;;;;;;;;;;;;;;;;;;;;;;;;;;;;;;;;;;;;;;;;;;;;;
Sub-Saharan Africa;SSF;People using safely managed sanitation services, urban (% of urban population);SH.STA.SMSS.UR.ZS;;;;;;;;;;;;;;;;;;;;;;;;;;;;;;;;;;;;;;;;;23,65961812;23,76818798;24,01451932;24,2661177;24,54597897;24,86048803;25,20882692;25,54845995;25,91187423;26,22910116;26,53708348;26,83955691;27,21643648;27,59605581;27,98005754;28,37842774;28,72774959;29,05338151;29,34830463;29,63432333;29,94343125;31,15883482;31,38534192;;
Small states;SST;People using safely managed sanitation services, urban (% of urban population);SH.STA.SMSS.UR.ZS;;;;;;;;;;;;;;;;;;;;;;;;;;;;;;;;;;;;;;;;;;;;;;;;;;;;;;;;;;;;;;;;;
Sao Tome and Principe;STP;People using safely managed sanitation services, urban (% of urban population);SH.STA.SMSS.UR.ZS;;;;;;;;;;;;;;;;;;;;;;;;;;;;;;;;;;;;;;;;;16,57300787;17,54587546;18,51874305;19,49161065;20,46447824;21,28980524;22,11748206;22,94750869;23,77988513;24,61461138;25,45168744;26,29111332;27,13288901;27,97701451;28,82348983;29,67231495;30,52348989;31,37701464;32,23288921;33,09111358;33,95168777;34,81461177;34,81461177;;
Suriname;SUR;People using safely managed sanitation services, urban (% of urban population);SH.STA.SMSS.UR.ZS;;;;;;;;;;;;;;;;;;;;;;;;;;;;;;;;;;;;;;;;;25,46538781;25,44376214;25,42213647;25,40051081;25,37888514;25,09036378;24,7986841;24,50384611;24,20584981;23,90469519;23,60038227;23,29291103;22,98228148;22,66849362;22,35154744;22,03144295;21,70818016;21,38175905;21,05217962;20,71944189;20,69352077;20,69352077;20,69352077;;
Slovak Republic;SVK;People using safely managed sanitation services, urban (% of urban population);SH.STA.SMSS.UR.ZS;;;;;;;;;;;;;;;;;;;;;;;;;;;;;;;;;;;;;;;;;89,69482407;89,69780419;89,69291905;89,60368438;89,50639834;89,40912247;89,31185677;89,21460123;89,11735587;89,02012069;88,92289567;88,82568083;88,72847616;88,63128167;88,53409736;88,52907503;88,52405243;88,51902955;88,51106537;88,5031012;88,49513703;88,48717286;88,47920869;;
Slovenia;SVN;People using safely managed sanitation services, urban (% of urban population);SH.STA.SMSS.UR.ZS;;;;;;;;;;;;;;;;;;;;;;;;;;;;;;;;;;;;;;;;;;;;;;;;;;;;;;;;;;;;;;;;;
Sweden;SWE;People using safely managed sanitation services, urban (% of urban population);SH.STA.SMSS.UR.ZS;;;;;;;;;;;;;;;;;;;;;;;;;;;;;;;;;;;;;;;;;95,77917163;95,79384258;95,80634201;95,81884145;95,83134088;95,84384032;95,85633975;95,86883919;95,88133862;95,89383806;95,90633749;95,91883692;95,93133636;95,94383579;95,95633523;95,96883466;95,9813341;95,99383353;96,00633297;96,0188324;96,03133184;96,04383127;96,04383127;;
Eswatini;SWZ;People using safely managed sanitation services, urban (% of urban population);SH.STA.SMSS.UR.ZS;;;;;;;;;;;;;;;;;;;;;;;;;;;;;;;;;;;;;;;;;;;;;;;;;;;;;;;;;;;;;;;;;
Sint Maarten (Dutch part);SXM;People using safely managed sanitation services, urban (% of urban population);SH.STA.SMSS.UR.ZS;;;;;;;;;;;;;;;;;;;;;;;;;;;;;;;;;;;;;;;;;;;;;;;;;;;;;;;;;;;;;;;;;
Seychelles;SYC;People using safely managed sanitation services, urban (% of urban population);SH.STA.SMSS.UR.ZS;;;;;;;;;;;;;;;;;;;;;;;;;;;;;;;;;;;;;;;;;;;;;;;;;;;;;;;;;;;;;;;;;
Syrian Arab Republic;SYR;People using safely managed sanitation services, urban (% of urban population);SH.STA.SMSS.UR.ZS;;;;;;;;;;;;;;;;;;;;;;;;;;;;;;;;;;;;;;;;;;;;;;;;;;;;;;;;;;;;;;;;;
Turks and Caicos Islands;TCA;People using safely managed sanitation services, urban (% of urban population);SH.STA.SMSS.UR.ZS;;;;;;;;;;;;;;;;;;;;;;;;;;;;;;;;;;;;;;;;;;;;;;;;;;;;;;;;;33,32449077;33,32449077;33,32449077;33,32449077;33,32449077;33,32449077;33,32449077;;
Chad;TCD;People using safely managed sanitation services, urban (% of urban population);SH.STA.SMSS.UR.ZS;;;;;;;;;;;;;;;;;;;;;;;;;;;;;;;;;;;;;;;;;18,47238559;18,8842685;19,26370517;19,64314184;20,02257851;20,40201518;20,78145185;21,16088852;21,54032519;22,2731431;23,01819524;23,77548162;24,54500224;25,3267571;26,1207462;26,92696954;27,74542711;28,57611893;29,41904498;30,27420527;31,1415998;32,02122857;32,02122857;;
East Asia & Pacific (IDA & IBRD countries);TEA;People using safely managed sanitation services, urban (% of urban population);SH.STA.SMSS.UR.ZS;;;;;;;;;;;;;;;;;;;;;;;;;;;;;;;;;;;;;;;;;30,43791657;30,6245198;30,76340833;33,26271976;35,79623054;38,37192934;40,97823482;43,6262154;46,30081364;48,99957711;51,72582943;54,49804219;57,30090978;60,12851754;62,98107749;65,85767735;68,75842467;71,68457312;74,62962287;77,58946959;77,99744332;78,39773511;78,79248371;;
Europe & Central Asia (IDA & IBRD countries);TEC;People using safely managed sanitation services, urban (% of urban population);SH.STA.SMSS.UR.ZS;;;;;;;;;;;;;;;;;;;;;;;;;;;;;;;;;;;;;;;;;53,85766199;53,93578441;54,09038493;54,25373371;54,69225256;55,14935413;55,55959063;56,04592517;56,53789613;57,4006007;58,29982308;59,21012926;60,12792224;61,06027896;61,98507519;62,89438652;63,80597616;64,75873697;65,73341365;66,41131994;67,02679409;67,64199988;68,08826678;;
Togo;TGO;People using safely managed sanitation services, urban (% of urban population);SH.STA.SMSS.UR.ZS;;;;;;;;;;;;;;;;;;;;;;;;;;;;;;;;;;;;;;;;;6,945190748;7,042455443;7,139720139;7,236984835;7,33424953;7,326346536;7,317778741;7,308546143;7,298648743;7,288086541;7,276859538;7,264967732;7,252411124;7,239189714;7,225303502;7,210752489;7,195536673;7,179656055;7,163110635;7,145900413;7,128025389;7,128025389;7,128025389;;
Thailand;THA;People using safely managed sanitation services, urban (% of urban population);SH.STA.SMSS.UR.ZS;;;;;;;;;;;;;;;;;;;;;;;;;;;;;;;;;;;;;;;;;23,28780098;23,41429517;23,54091995;23,66767534;23,79456133;24,14038352;24,48840887;24,83863736;25,19106901;25,5457038;25,90254175;26,26158284;26,62282709;26,98627449;27,35192504;27,71977874;28,08983559;28,46209559;28,83655874;29,21322504;29,58435901;29,95443315;29,95443315;;
Tajikistan;TJK;People using safely managed sanitation services, urban (% of urban population);SH.STA.SMSS.UR.ZS;;;;;;;;;;;;;;;;;;;;;;;;;;;;;;;;;;;;;;;;;;;;;;;;;;;;;;;;;;;;;;;;;
Turkmenistan;TKM;People using safely managed sanitation services, urban (% of urban population);SH.STA.SMSS.UR.ZS;;;;;;;;;;;;;;;;;;;;;;;;;;;;;;;;;;;;;;;;;;;;;;;;;;;;;;;;;;;;;;;;;
Latin America & the Caribbean (IDA & IBRD countries);TLA;People using safely managed sanitation services, urban (% of urban population);SH.STA.SMSS.UR.ZS;;;;;;;;;;;;;;;;;;;;;;;;;;;;;;;;;;;;;;;;;32,04513542;32,3070025;32,56054746;33,27856379;34,07990363;34,89179657;35,71157745;36,53747973;37,37144629;38,21453642;39,06606857;39,94740057;41,06451591;42,19823313;43,34968933;44,51551854;45,67210592;46,78703834;47,89984626;49,01262688;50,02964412;51,07509928;51,75065283;;
Timor-Leste;TLS;People using safely managed sanitation services, urban (% of urban population);SH.STA.SMSS.UR.ZS;;;;;;;;;;;;;;;;;;;;;;;;;;;;;;;;;;;;;;;;;;;;;;;;;;;;;;;;;;;;;;;;;
Middle East, North Africa, Afghanistan & Pakistan (IDA & IBRD);TMN;People using safely managed sanitation services, urban (% of urban population);SH.STA.SMSS.UR.ZS;;;;;;;;;;;;;;;;;;;;;;;;;;;;;;;;;;;;;;;;;;;;;;;;;;;;;;;;;;;;;;;;;
Tonga;TON;People using safely managed sanitation services, urban (% of urban population);SH.STA.SMSS.UR.ZS;;;;;;;;;;;;;;;;;;;;;;;;;;;;;;;;;;;;;;;;;29,00591217;29,00591217;29,00591217;29,00591217;29,00591217;29,07764397;29,14937576;29,22110756;29,29283935;29,35692404;29,32159633;28,5958705;27,87253104;27,15157796;26,43301124;25,71683089;25,00303692;24,29162931;23,58260808;22,87597322;22,33139231;22,36643929;22,34204303;;
South Asia (IDA & IBRD);TSA;People using safely managed sanitation services, urban (% of urban population);SH.STA.SMSS.UR.ZS;;;;;;;;;;;;;;;;;;;;;;;;;;;;;;;;;;;;;;;;;21,04375723;21,7936533;22,72071957;23,65919351;24,60905782;25,22959413;25,85579583;26,69657059;27,55202962;28,42208525;29,30732361;30,20749909;31,12266466;32,05326086;32,99930497;33,96098964;34,93877907;35,93305;36,9436888;37,97093132;39,01514549;40,0750723;41,14981097;;
Sub-Saharan Africa (IDA & IBRD countries);TSS;People using safely managed sanitation services, urban (% of urban population);SH.STA.SMSS.UR.ZS;;;;;;;;;;;;;;;;;;;;;;;;;;;;;;;;;;;;;;;;;23,91384977;23,94780326;24,19460984;24,45206001;24,72205202;25,00026293;25,30419021;25,59988328;25,92185699;26,20934365;26,4880249;26,84718771;27,21193283;27,58954972;27,96288432;28,35026719;28,68065157;28,99444106;29,33227117;29,65266368;29,99881997;30,3066309;30,58492961;;
Trinidad and Tobago;TTO;People using safely managed sanitation services, urban (% of urban population);SH.STA.SMSS.UR.ZS;;;;;;;;;;;;;;;;;;;;;;;;;;;;;;;;;;;;;;;;;;;;;;;;;;;;;;;;;;;;;;;;;
Tunisia;TUN;People using safely managed sanitation services, urban (% of urban population);SH.STA.SMSS.UR.ZS;;;;;;;;;;;;;;;;;;;;;;;;;;;;;;;;;;;;;;;;;70,89872719;71,23829613;71,70154922;72,61695838;73,53904943;74,46783877;75,40334275;76,34557776;77,29456016;78,25030634;79,21283267;80,18215553;81,15829128;82,1412563;83,13106698;84,12773967;85,13129076;86,14173663;87,15909364;88,18337817;88,85641195;88,85641195;88,85641195;;
Turkiye;TUR;People using safely managed sanitation services, urban (% of urban population);SH.STA.SMSS.UR.ZS;;;;;;;;;;;;;;;;;;;;;;;;;;;;;;;;;;;;;;;;;42,19492067;42,19492067;42,32933606;42,46392275;44,09432877;45,75586658;47,44861089;49,08658057;50,76141099;52,4734076;54,22287661;56,01012499;57,83546047;59,69919153;61,60162739;63,54307807;65,5238543;67,5442676;69,60463022;71,70525518;73,84315806;75,88870535;77,96261168;;
Tuvalu;TUV;People using safely managed sanitation services, urban (% of urban population);SH.STA.SMSS.UR.ZS;;;;;;;;;;;;;;;;;;;;;;;;;;;;;;;;;;;;;;;;;36,22007006;36,40707319;36,59407632;36,78107945;36,96808258;37,15508571;37,21591994;37,2754905;37,3337974;37,39084063;37,4466202;37,21337426;36,98084942;36,7490457;36,51796309;36,28760158;36,05796119;35,8290419;35,60084372;35,37336666;35,1466107;34,92057585;34,69526211;;
Tanzania;TZA;People using safely managed sanitation services, urban (% of urban population);SH.STA.SMSS.UR.ZS;;;;;;;;;;;;;;;;;;;;;;;;;;;;;;;;;;;;;;;;;9,713251676;11,51438226;13,31551284;15,11664341;16,77799255;18,40957836;20,03504175;21,63034123;23,19547678;24,20729889;25,18453921;26,14301572;27,08267356;28,00345786;28,90531375;29,78818636;30,65202084;31,4967623;32,32235588;33,12874671;34,35770098;34,35393416;34,35016734;;
Uganda;UGA;People using safely managed sanitation services, urban (% of urban population);SH.STA.SMSS.UR.ZS;;;;;;;;;;;;;;;;;;;;;;;;;;;;;;;;;;;;;;;;;20,54897427;20,63003442;20,70988332;20,78852096;20,86594734;20,94216247;21,01716633;21,09095894;21,18584499;21,27956797;21,37212182;21,46350047;21,55369789;21,642708;21,73044361;21,81697866;21,90230711;21,98642288;22,06931994;22,15099221;22,23143365;22,31063819;22,36614151;;
Ukraine;UKR;People using safely managed sanitation services, urban (% of urban population);SH.STA.SMSS.UR.ZS;;;;;;;;;;;;;;;;;;;;;;;;;;;;;;;;;;;;;;;;;36,78817124;36,82370464;37,25099834;37,67829204;38,1063364;38,53439759;38,96247561;39,39057047;39,81868217;42,94961947;46,06040644;49,15104187;52,22152457;55,230422;58,13580721;60,82614086;63,51813474;66,21178886;68,90710321;68,91224393;68,91224393;68,91224393;68,91224393;;
Upper middle income;UMC;People using safely managed sanitation services, urban (% of urban population);SH.STA.SMSS.UR.ZS;;;;;;;;;;;;;;;;;;;;;;;;;;;;;;;;;;;;;;;;;35,14210975;35,24742107;35,32863723;36,72388632;38,21681337;39,76898019;41,36528617;43,02263068;44,71979204;46,45418928;48,23215575;50,06922908;52,00433415;53,98477522;56,00237774;58,05647549;60,13746241;62,25166156;64,37913735;66,51349516;67,19176675;67,85546914;68,42614369;;
Uruguay;URY;People using safely managed sanitation services, urban (% of urban population);SH.STA.SMSS.UR.ZS;;;;;;;;;;;;;;;;;;;;;;;;;;;;;;;;;;;;;;;;;;;;;;;;;;;;;;;;;;;;;;;;;
United States;USA;People using safely managed sanitation services, urban (% of urban population);SH.STA.SMSS.UR.ZS;;;;;;;;;;;;;;;;;;;;;;;;;;;;;;;;;;;;;;;;;96,30450088;96,37229467;96,44008846;96,50788225;96,57567603;96,64346982;96,71126361;96,77905739;96,84685118;96,91464497;96,97771646;97,04109059;97,10476749;97,1687473;97,23303016;97,22932664;97,22576088;97,22233285;97,21904258;97,21589005;97,21287526;97,20999822;97,20725893;;
Uzbekistan;UZB;People using safely managed sanitation services, urban (% of urban population);SH.STA.SMSS.UR.ZS;;;;;;;;;;;;;;;;;;;;;;;;;;;;;;;;;;;;;;;;;66,06337766;65,92441242;65,78544719;65,64648195;65,50751671;65,38914221;65,27076771;65,1523932;65,0340187;64,91564419;64,79726969;64,67889519;64,56052068;64,44214618;64,32377167;64,20539717;64,08702267;63,96864816;63,85027366;63,73189915;63,61352465;63,49515015;63,37677564;;
St. Vincent and the Grenadines;VCT;People using safely managed sanitation services, urban (% of urban population);SH.STA.SMSS.UR.ZS;;;;;;;;;;;;;;;;;;;;;;;;;;;;;;;;;;;;;;;;;;;;;;;;;;;;;;;;;;;;;;;;;
Venezuela, RB;VEN;People using safely managed sanitation services, urban (% of urban population);SH.STA.SMSS.UR.ZS;;;;;;;;;;;;;;;;;;;;;;;;;;;;;;;;;;;;;;;;;;;;;;;;;;;;;;;;;;;;;;;;;
British Virgin Islands;VGB;People using safely managed sanitation services, urban (% of urban population);SH.STA.SMSS.UR.ZS;;;;;;;;;;;;;;;;;;;;;;;;;;;;;;;;;;;;;;;;;;;;;;;;;;;;;;;;;;;;;;;;;
Virgin Islands (U.S.);VIR;People using safely managed sanitation services, urban (% of urban population);SH.STA.SMSS.UR.ZS;;;;;;;;;;;;;;;;;;;;;;;;;;;;;;;;;;;;;;;;;;;;;;;;;;;;;;;;;;;;;;;;;
Viet Nam;VNM;People using safely managed sanitation services, urban (% of urban population);SH.STA.SMSS.UR.ZS;;;;;;;;;;;;;;;;;;;;;;;;;;;;;;;;;;;;;;;;;39,49572189;39,95248511;39,91825736;39,88402961;39,84980185;39,9057324;39,96150794;40,01712846;40,07259398;40,12790448;40,18305998;40,23806046;40,29290594;40,3475964;40,40213185;40,4565123;40,51073773;40,56480815;40,61872356;40,67248396;40,72608935;40,77953973;40,8328351;;
Vanuatu;VUT;People using safely managed sanitation services, urban (% of urban population);SH.STA.SMSS.UR.ZS;;;;;;;;;;;;;;;;;;;;;;;;;;;;;;;;;;;;;;;;;41,76937276;41,76937276;41,76937276;41,76937276;41,76937276;41,12419018;40,46871429;39,81220503;39,15466238;38,49608635;37,83647695;37,17583416;36,514158;35,85144845;35,18770552;34,52292922;33,85711953;33,19027646;32,52240002;31,85349019;31,18354698;30,5125704;29,84056043;;
World;WLD;People using safely managed sanitation services, urban (% of urban population);SH.STA.SMSS.UR.ZS;;;;;;;;;;;;;;;;;;;;;;;;;;;;;;;;;;;;;;;;;49,54275503;49,53504093;49,53267668;50,0886723;50,73268508;51,37339716;52,05197035;52,81679515;53,59756654;54,41871902;55,25149797;56,09100684;56,99353806;57,9200138;58,87360793;59,85242546;60,84136892;61,84026804;62,83778685;63,80474258;64,12106042;64,51920145;64,77038053;;
Samoa;WSM;People using safely managed sanitation services, urban (% of urban population);SH.STA.SMSS.UR.ZS;;;;;;;;;;;;;;;;;;;;;;;;;;;;;;;;;;;;;;;;;42,09730514;42,09730514;42,09730514;42,09730514;42,09730514;42,2432144;42,38933193;42,53565773;42,65948006;42,78340016;42,90741803;42,63001173;42,00748903;41,38147073;40,75195684;40,11894736;39,48244228;38,84244161;38,19894534;37,55195348;37,2540285;36,996478;36,73729759;;
Kosovo;XKX;People using safely managed sanitation services, urban (% of urban population);SH.STA.SMSS.UR.ZS;;;;;;;;;;;;;;;;;;;;;;;;;;;;;;;;;;;;;;;;;;;;;;;;;;;;;;;;;;;;;;;;;
Yemen, Rep.;YEM;People using safely managed sanitation services, urban (% of urban population);SH.STA.SMSS.UR.ZS;;;;;;;;;;;;;;;;;;;;;;;;;;;;;;;;;;;;;;;;;70,40755191;70,40755191;70,40755191;69,84911857;69,29068522;68,4505338;67,61496018;66,78396434;65,95754628;65,13570601;64,31844353;63,50575883;62,69765192;61,89412279;61,09517145;61,41586709;61,25534707;61,09482704;60,93430702;60,773787;60,61326697;60,45274695;60,45274695;;
South Africa;ZAF;People using safely managed sanitation services, urban (% of urban population);SH.STA.SMSS.UR.ZS;;;;;;;;;;;;;;;;;;;;;;;;;;;;;;;;;;;;;;;;;66,1232053;66,43536547;66,74810663;67,06142879;67,37533194;67,6898161;68,00488125;68,32052739;68,63675454;68,95356268;69,27095182;69,58892196;69,90747309;70,22660522;70,54631835;70,86661247;71,18748759;71,50894371;71,83098083;72,15359894;72,47679805;72,80057816;73,12493927;;
Zambia;ZMB;People using safely managed sanitation services, urban (% of urban population);SH.STA.SMSS.UR.ZS;;;;;;;;;;;;;;;;;;;;;;;;;;;;;;;;;;;;;;;;;;;;;;;;;;;;;;;;;;;;;;;;;
Zimbabwe;ZWE;People using safely managed sanitation services, urban (% of urban population);SH.STA.SMSS.UR.ZS;;;;;;;;;;;;;;;;;;;;;;;;;;;;;;;;;;;;;;;;;18,27075139;18,27075139;18,23979805;18,20884471;18,17789138;17,73801562;17,29953486;16,8624491;16,42675835;15,9924626;15,55956185;19,5374744;23,27521851;26,77325795;30,03205648;33,05207784;35,83378582;38,37764415;38,6633457;37,35321144;36,0456213;34,74057529;34,74057529;;
